sample_id,cluster_label
0,0
1,4
2,4
3,1
4,2
5,2
6,1
7,1
8,1
9,0
10,3
11,2
12,0
13,3
14,0
15,2
16,1
17,-1
18,3
19,4
20,2
21,3
22,1
23,4
24,1
25,4
26,1
27,0
28,3
29,-1
30,3
31,0
32,3
33,0
34,0
35,2
36,-1
37,0
38,-1
39,1
40,3
41,-1
42,0
43,2
44,3
45,-1
46,2
47,2
48,4
49,1
50,0
51,-1
52,4
53,-1
54,1
55,3
56,2
57,2
58,1
59,0
60,0
61,1
62,3
63,-1
64,1
65,2
66,2
67,-1
68,0
69,2
70,1
71,0
72,-1
73,0
74,3
75,3
76,2
77,-1
78,1
79,0
80,3
81,1
82,1
83,2
84,-1
85,1
86,0
87,2
88,2
89,4
90,3
91,1
92,0
93,2
94,0
95,-1
96,3
97,2
98,-1
99,0
100,2
101,-1
102,4
103,-1
104,-1
105,2
106,-1
107,1
108,-1
109,2
110,1
111,2
112,4
113,2
114,0
115,3
116,3
117,2
118,-1
119,3
120,3
121,3
122,1
123,0
124,4
125,4
126,1
127,3
128,-1
129,2
130,4
131,1
132,-1
133,2
134,0
135,-1
136,-1
137,4
138,2
139,2
140,0
141,3
142,1
143,1
144,-1
145,1
146,-1
147,0
148,1
149,0
150,1
151,2
152,-1
153,0
154,-1
155,1
156,2
157,2
158,2
159,1
160,3
161,0
162,3
163,-1
164,-1
165,1
166,0
167,3
168,2
169,-1
170,2
171,3
172,3
173,-1
174,-1
175,3
176,0
177,0
178,2
179,0
180,-1
181,3
182,2
183,1
184,3
185,2
186,-1
187,-1
188,1
189,1
190,0
191,0
192,0
193,2
194,2
195,-1
196,3
197,2
198,-1
199,2
200,0
201,4
202,2
203,3
204,0
205,4
206,4
207,3
208,-1
209,4
210,4
211,1
212,0
213,-1
214,0
215,2
216,0
217,4
218,1
219,1
220,0
221,-1
222,1
223,2
224,0
225,1
226,4
227,3
228,0
229,0
230,1
231,-1
232,3
233,-1
234,-1
235,-1
236,2
237,1
238,1
239,2
240,1
241,2
242,4
243,1
244,0
245,2
246,2
247,0
248,2
249,-1
250,0
251,0
252,0
253,2
254,3
255,2
256,2
257,0
258,0
259,3
260,0
261,-1
262,1
263,3
264,2
265,0
266,2
267,3
268,1
269,3
270,0
271,0
272,-1
273,4
274,-1
275,-1
276,0
277,3
278,-1
279,3
280,3
281,2
282,2
283,3
284,1
285,1
286,-1
287,-1
288,0
289,0
290,0
291,3
292,1
293,0
294,3
295,2
296,-1
297,-1
298,2
299,2
300,2
301,2
302,-1
303,-1
304,3
305,-1
306,1
307,1
308,-1
309,1
310,2
311,2
312,1
313,2
314,2
315,0
316,-1
317,4
318,3
319,4
320,-1
321,3
322,2
323,3
324,4
325,2
326,1
327,4
328,-1
329,2
330,-1
331,2
332,2
333,3
334,4
335,1
336,3
337,2
338,1
339,1
340,0
341,0
342,0
343,-1
344,3
345,4
346,0
347,0
348,4
349,0
350,3
351,-1
352,1
353,-1
354,1
355,-1
356,1
357,1
358,-1
359,-1
360,0
361,2
362,1
363,1
364,2
365,2
366,-1
367,0
368,-1
369,1
370,4
371,0
372,0
373,-1
374,2
375,4
376,1
377,1
378,2
379,-1
380,0
381,1
382,1
383,4
384,2
385,3
386,3
387,1
388,1
389,4
390,1
391,0
392,-1
393,-1
394,2
395,1
396,-1
397,2
398,4
399,3
400,2
401,1
402,-1
403,2
404,4
405,-1
406,0
407,2
408,4
409,3
410,3
411,2
412,0
413,4
414,2
415,2
416,4
417,0
418,3
419,-1
420,2
421,-1
422,4
423,-1
424,2
425,0
426,-1
427,1
428,0
429,3
430,3
431,0
432,1
433,-1
434,-1
435,-1
436,1
437,2
438,3
439,0
440,0
441,-1
442,4
443,1
444,-1
445,3
446,3
447,2
448,0
449,2
450,3
451,0
452,2
453,-1
454,0
455,-1
456,-1
457,-1
458,2
459,1
460,-1
461,0
462,4
463,0
464,2
465,1
466,3
467,1
468,4
469,-1
470,3
471,-1
472,2
473,1
474,0
475,0
476,4
477,2
478,-1
479,1
480,1
481,3
482,4
483,-1
484,3
485,0
486,2
487,1
488,3
489,3
490,3
491,4
492,0
493,2
494,-1
495,-1
496,3
497,3
498,1
499,4
500,1
501,0
502,2
503,2
504,2
505,2
506,1
507,2
508,-1
509,-1
510,2
511,1
512,1
513,0
514,4
515,0
516,0
517,0
518,1
519,1
520,-1
521,2
522,3
523,0
524,0
525,-1
526,2
527,3
528,3
529,2
530,-1
531,1
532,4
533,4
534,1
535,3
536,1
537,1
538,1
539,4
540,2
541,4
542,4
543,4
544,3
545,0
546,-1
547,3
548,-1
549,1
550,0
551,2
552,-1
553,-1
554,2
555,2
556,0
557,2
558,0
559,2
560,0
561,-1
562,-1
563,3
564,1
565,-1
566,3
567,-1
568,0
569,3
570,3
571,-1
572,2
573,0
574,0
575,3
576,4
577,-1
578,4
579,-1
580,4
581,-1
582,3
583,2
584,1
585,2
586,-1
587,-1
588,0
589,-1
590,-1
591,1
592,1
593,1
594,1
595,4
596,0
597,3
598,4
599,0
600,1
601,3
602,1
603,-1
604,4
605,2
606,1
607,0
608,0
609,0
610,1
611,-1
612,1
613,2
614,1
615,0
616,1
617,2
618,3
619,2
620,0
621,0
622,-1
623,-1
624,2
625,3
626,-1
627,4
628,0
629,1
630,1
631,0
632,2
633,3
634,-1
635,-1
636,-1
637,1
638,4
639,1
640,3
641,-1
642,3
643,1
644,2
645,4
646,-1
647,-1
648,3
649,2
650,2
651,-1
652,3
653,2
654,-1
655,3
656,1
657,2
658,0
659,-1
660,0
661,0
662,4
663,-1
664,1
665,3
666,-1
667,-1
668,-1
669,3
670,1
671,0
672,-1
673,3
674,0
675,0
676,1
677,-1
678,0
679,-1
680,3
681,-1
682,3
683,2
684,2
685,3
686,3
687,-1
688,-1
689,1
690,-1
691,1
692,1
693,0
694,2
695,2
696,0
697,3
698,0
699,-1
700,-1
701,-1
702,3
703,-1
704,2
705,-1
706,4
707,4
708,1
709,-1
710,-1
711,-1
712,2
713,1
714,2
715,-1
716,-1
717,0
718,-1
719,3
720,-1
721,0
722,1
723,2
724,3
725,2
726,2
727,4
728,1
729,1
730,3
731,3
732,2
733,2
734,0
735,-1
736,2
737,2
738,-1
739,-1
740,0
741,0
742,-1
743,3
744,4
745,1
746,0
747,2
748,3
749,-1
750,1
751,3
752,3
753,1
754,4
755,-1
756,3
757,3
758,0
759,2
760,0
761,4
762,4
763,0
764,1
765,2
766,2
767,0
768,0
769,-1
770,3
771,-1
772,0
773,1
774,2
775,-1
776,1
777,2
778,2
779,4
780,4
781,2
782,0
783,2
784,1
785,3
786,3
787,1
788,0
789,0
790,-1
791,1
792,0
793,3
794,1
795,-1
796,3
797,4
798,2
799,3
800,-1
801,0
802,2
803,-1
804,1
805,2
806,3
807,1
808,2
809,-1
810,2
811,4
812,-1
813,0
814,2
815,1
816,4
817,1
818,2
819,2
820,1
821,3
822,0
823,3
824,4
825,1
826,2
827,0
828,0
829,3
830,-1
831,-1
832,1
833,-1
834,3
835,4
836,2
837,0
838,4
839,1
840,3
841,3
842,3
843,0
844,-1
845,0
846,1
847,2
848,4
849,2
850,1
851,2
852,2
853,1
854,2
855,4
856,1
857,2
858,0
859,0
860,-1
861,1
862,1
863,0
864,2
865,3
866,-1
867,1
868,-1
869,-1
870,2
871,2
872,3
873,-1
874,-1
875,-1
876,0
877,1
878,2
879,1
880,3
881,0
882,4
883,3
884,1
885,0
886,1
887,-1
888,4
889,1
890,1
891,0
892,-1
893,3
894,1
895,-1
896,3
897,3
898,3
899,2
900,1
901,-1
902,0
903,1
904,-1
905,4
906,3
907,1
908,1
909,3
910,3
911,0
912,2
913,-1
914,2
915,1
916,0
917,0
918,3
919,-1
920,1
921,-1
922,3
923,0
924,-1
925,1
926,2
927,1
928,-1
929,0
930,0
931,4
932,3
933,1
934,0
935,0
936,0
937,0
938,-1
939,-1
940,3
941,2
942,-1
943,-1
944,3
945,4
946,1
947,0
948,-1
949,2
950,0
951,0
952,3
953,-1
954,-1
955,1
956,0
957,4
958,-1
959,0
960,1
961,3
962,3
963,3
964,1
965,1
966,0
967,0
968,0
969,0
970,2
971,3
972,4
973,3
974,0
975,3
976,1
977,1
978,0
979,4
980,0
981,-1
982,4
983,2
984,-1
985,2
986,4
987,2
988,2
989,1
990,1
991,0
992,1
993,1
994,-1
995,-1
996,3
997,1
998,1
999,0
1000,2
1001,1
1002,4
1003,-1
1004,2
1005,2
1006,0
1007,1
1008,-1
1009,4
1010,0
1011,1
1012,2
1013,2
1014,3
1015,2
1016,0
1017,2
1018,-1
1019,0
1020,2
1021,-1
1022,2
1023,0
1024,3
1025,4
1026,0
1027,1
1028,2
1029,4
1030,3
1031,-1
1032,1
1033,1
1034,4
1035,3
1036,3
1037,2
1038,2
1039,4
1040,0
1041,0
1042,3
1043,1
1044,4
1045,0
1046,2
1047,-1
1048,1
1049,2
1050,2
1051,3
1052,3
1053,-1
1054,0
1055,0
1056,4
1057,1
1058,1
1059,1
1060,0
1061,2
1062,3
1063,4
1064,4
1065,-1
1066,2
1067,-1
1068,3
1069,1
1070,3
1071,2
1072,-1
1073,0
1074,2
1075,1
1076,-1
1077,1
1078,3
1079,-1
1080,4
1081,4
1082,4
1083,0
1084,2
1085,1
1086,1
1087,1
1088,-1
1089,2
1090,3
1091,2
1092,0
1093,3
1094,4
1095,4
1096,-1
1097,0
1098,0
1099,2
1100,2
1101,0
1102,1
1103,0
1104,3
1105,2
1106,1
1107,2
1108,-1
1109,0
1110,0
1111,4
1112,-1
1113,2
1114,4
1115,0
1116,-1
1117,4
1118,0
1119,-1
1120,-1
1121,2
1122,1
1123,0
1124,2
1125,-1
1126,0
1127,2
1128,4
1129,-1
1130,-1
1131,1
1132,4
1133,-1
1134,0
1135,2
1136,1
1137,1
1138,0
1139,1
1140,3
1141,-1
1142,1
1143,1
1144,-1
1145,-1
1146,2
1147,0
1148,3
1149,2
1150,-1
1151,2
1152,3
1153,0
1154,-1
1155,2
1156,4
1157,4
1158,2
1159,-1
1160,2
1161,1
1162,-1
1163,0
1164,-1
1165,1
1166,2
1167,4
1168,0
1169,0
1170,1
1171,4
1172,3
1173,4
1174,4
1175,0
1176,1
1177,-1
1178,0
1179,2
1180,0
1181,0
1182,0
1183,2
1184,-1
1185,1
1186,-1
1187,2
1188,-1
1189,-1
1190,3
1191,-1
1192,-1
1193,2
1194,2
1195,-1
1196,2
1197,0
1198,4
1199,2
1200,4
1201,4
1202,3
1203,3
1204,-1
1205,1
1206,1
1207,-1
1208,1
1209,2
1210,-1
1211,-1
1212,2
1213,2
1214,0
1215,1
1216,3
1217,0
1218,3
1219,3
1220,-1
1221,1
1222,2
1223,4
1224,0
1225,-1
1226,1
1227,2
1228,1
1229,-1
1230,-1
1231,1
1232,0
1233,0
1234,3
1235,4
1236,3
1237,2
1238,0
1239,2
1240,1
1241,-1
1242,2
1243,-1
1244,-1
1245,4
1246,2
1247,1
1248,3
1249,1
1250,1
1251,1
1252,-1
1253,3
1254,0
1255,2
1256,-1
1257,3
1258,-1
1259,2
1260,-1
1261,2
1262,0
1263,0
1264,1
1265,0
1266,2
1267,-1
1268,4
1269,2
1270,1
1271,-1
1272,2
1273,2
1274,0
1275,1
1276,1
1277,-1
1278,2
1279,2
1280,4
1281,-1
1282,-1
1283,3
1284,0
1285,1
1286,1
1287,1
1288,2
1289,-1
1290,2
1291,-1
1292,3
1293,0
1294,4
1295,-1
1296,4
1297,0
1298,3
1299,2
1300,3
1301,1
1302,4
1303,1
1304,3
1305,2
1306,-1
1307,-1
1308,4
1309,-1
1310,-1
1311,3
1312,3
1313,0
1314,4
1315,1
1316,0
1317,1
1318,2
1319,1
1320,-1
1321,-1
1322,2
1323,0
1324,4
1325,1
1326,-1
1327,3
1328,2
1329,1
1330,1
1331,2
1332,0
1333,3
1334,3
1335,-1
1336,0
1337,4
1338,1
1339,2
1340,4
1341,3
1342,0
1343,2
1344,2
1345,3
1346,-1
1347,1
1348,-1
1349,4
1350,4
1351,-1
1352,0
1353,-1
1354,4
1355,0
1356,3
1357,4
1358,1
1359,1
1360,3
1361,0
1362,-1
1363,3
1364,3
1365,-1
1366,2
1367,0
1368,1
1369,-1
1370,2
1371,0
1372,4
1373,4
1374,1
1375,1
1376,0
1377,-1
1378,4
1379,3
1380,1
1381,2
1382,1
1383,-1
1384,0
1385,-1
1386,0
1387,3
1388,3
1389,2
1390,0
1391,4
1392,3
1393,1
1394,2
1395,-1
1396,-1
1397,4
1398,0
1399,4
1400,3
1401,2
1402,3
1403,4
1404,4
1405,3
1406,3
1407,2
1408,2
1409,3
1410,3
1411,1
1412,-1
1413,-1
1414,2
1415,1
1416,4
1417,-1
1418,-1
1419,2
1420,0
1421,2
1422,0
1423,1
1424,0
1425,3
1426,0
1427,1
1428,1
1429,2
1430,2
1431,3
1432,-1
1433,1
1434,3
1435,3
1436,1
1437,3
1438,0
1439,1
1440,-1
1441,0
1442,3
1443,3
1444,2
1445,3
1446,0
1447,0
1448,2
1449,-1
1450,-1
1451,-1
1452,0
1453,4
1454,4
1455,4
1456,4
1457,0
1458,-1
1459,-1
1460,3
1461,-1
1462,1
1463,0
1464,2
1465,2
1466,-1
1467,1
1468,1
1469,1
1470,2
1471,-1
1472,2
1473,1
1474,0
1475,2
1476,2
1477,0
1478,-1
1479,1
1480,-1
1481,3
1482,2
1483,-1
1484,3
1485,-1
1486,1
1487,-1
1488,2
1489,3
1490,4
1491,2
1492,2
1493,1
1494,2
1495,-1
1496,1
1497,4
1498,1
1499,2
1500,2
1501,2
1502,1
1503,2
1504,4
1505,1
1506,3
1507,0
1508,4
1509,0
1510,1
1511,1
1512,1
1513,-1
1514,0
1515,1
1516,0
1517,4
1518,1
1519,1
1520,2
1521,-1
1522,0
1523,4
1524,2
1525,0
1526,2
1527,3
1528,2
1529,-1
1530,1
1531,1
1532,1
1533,0
1534,2
1535,3
1536,3
1537,-1
1538,-1
1539,3
1540,4
1541,2
1542,3
1543,0
1544,3
1545,3
1546,2
1547,4
1548,2
1549,0
1550,3
1551,1
1552,-1
1553,4
1554,4
1555,2
1556,1
1557,2
1558,2
1559,2
1560,-1
1561,-1
1562,3
1563,3
1564,1
1565,0
1566,-1
1567,-1
1568,1
1569,0
1570,4
1571,4
1572,-1
1573,4
1574,1
1575,0
1576,0
1577,1
1578,1
1579,0
1580,3
1581,2
1582,1
1583,1
1584,2
1585,1
1586,0
1587,4
1588,3
1589,2
1590,3
1591,-1
1592,3
1593,-1
1594,1
1595,2
1596,-1
1597,1
1598,3
1599,3
1600,1
1601,2
1602,0
1603,4
1604,2
1605,3
1606,1
1607,1
1608,-1
1609,3
1610,-1
1611,4
1612,0
1613,-1
1614,2
1615,-1
1616,3
1617,0
1618,2
1619,-1
1620,-1
1621,3
1622,1
1623,3
1624,0
1625,0
1626,4
1627,4
1628,0
1629,3
1630,2
1631,0
1632,-1
1633,1
1634,-1
1635,3
1636,3
1637,0
1638,2
1639,0
1640,3
1641,1
1642,-1
1643,3
1644,3
1645,3
1646,2
1647,1
1648,-1
1649,4
1650,1
1651,-1
1652,1
1653,0
1654,1
1655,0
1656,2
1657,2
1658,1
1659,-1
1660,4
1661,4
1662,2
1663,2
1664,3
1665,0
1666,4
1667,-1
1668,0
1669,4
1670,1
1671,1
1672,4
1673,-1
1674,0
1675,0
1676,3
1677,2
1678,2
1679,3
1680,4
1681,1
1682,3
1683,-1
1684,1
1685,-1
1686,4
1687,-1
1688,2
1689,4
1690,2
1691,1
1692,3
1693,2
1694,-1
1695,3
1696,-1
1697,-1
1698,1
1699,4
1700,3
1701,2
1702,-1
1703,2
1704,3
1705,3
1706,4
1707,-1
1708,1
1709,2
1710,4
1711,2
1712,1
1713,-1
1714,-1
1715,-1
1716,2
1717,2
1718,2
1719,-1
1720,-1
1721,0
1722,4
1723,-1
1724,0
1725,1
1726,4
1727,1
1728,2
1729,3
1730,0
1731,0
1732,1
1733,2
1734,1
1735,2
1736,1
1737,0
1738,1
1739,1
1740,2
1741,-1
1742,0
1743,1
1744,2
1745,3
1746,-1
1747,0
1748,1
1749,0
1750,1
1751,1
1752,0
1753,3
1754,1
1755,2
1756,1
1757,-1
1758,-1
1759,4
1760,1
1761,3
1762,0
1763,1
1764,-1
1765,3
1766,4
1767,0
1768,1
1769,-1
1770,3
1771,4
1772,-1
1773,3
1774,-1
1775,3
1776,3
1777,3
1778,-1
1779,-1
1780,3
1781,0
1782,-1
1783,1
1784,1
1785,-1
1786,4
1787,-1
1788,4
1789,2
1790,1
1791,4
1792,2
1793,2
1794,-1
1795,0
1796,2
1797,2
1798,1
1799,0
1800,0
1801,2
1802,-1
1803,1
1804,-1
1805,2
1806,3
1807,4
1808,0
1809,2
1810,-1
1811,1
1812,0
1813,3
1814,1
1815,1
1816,2
1817,2
1818,2
1819,-1
1820,0
1821,1
1822,4
1823,3
1824,4
1825,4
1826,-1
1827,0
1828,-1
1829,0
1830,0
1831,0
1832,0
1833,4
1834,0
1835,2
1836,3
1837,-1
1838,3
1839,-1
1840,2
1841,4
1842,0
1843,0
1844,-1
1845,3
1846,3
1847,4
1848,-1
1849,1
1850,2
1851,0
1852,-1
1853,1
1854,-1
1855,2
1856,3
1857,3
1858,0
1859,0
1860,4
1861,0
1862,0
1863,4
1864,2
1865,4
1866,1
1867,4
1868,1
1869,1
1870,3
1871,-1
1872,0
1873,0
1874,-1
1875,0
1876,0
1877,3
1878,3
1879,0
1880,1
1881,1
1882,1
1883,1
1884,-1
1885,4
1886,2
1887,3
1888,1
1889,4
1890,2
1891,2
1892,3
1893,4
1894,0
1895,3
1896,-1
1897,-1
1898,2
1899,3
1900,2
1901,4
1902,3
1903,3
1904,-1
1905,-1
1906,2
1907,2
1908,3
1909,0
1910,4
1911,1
1912,2
1913,-1
1914,2
1915,3
1916,1
1917,2
1918,3
1919,2
1920,3
1921,3
1922,-1
1923,1
1924,4
1925,3
1926,2
1927,0
1928,-1
1929,3
1930,2
1931,3
1932,-1
1933,3
1934,-1
1935,-1
1936,-1
1937,-1
1938,0
1939,1
1940,0
1941,4
1942,4
1943,4
1944,4
1945,-1
1946,-1
1947,1
1948,0
1949,4
1950,3
1951,0
1952,2
1953,1
1954,3
1955,-1
1956,2
1957,-1
1958,3
1959,0
1960,-1
1961,4
1962,1
1963,2
1964,0
1965,4
1966,3
1967,1
1968,-1
1969,4
1970,3
1971,4
1972,3
1973,-1
1974,3
1975,-1
1976,1
1977,3
1978,4
1979,0
1980,0
1981,2
1982,4
1983,0
1984,0
1985,1
1986,1
1987,1
1988,2
1989,0
1990,-1
1991,1
1992,0
1993,-1
1994,3
1995,2
1996,0
1997,0
1998,3
1999,2
2000,-1
2001,2
2002,1
2003,0
2004,1
2005,3
2006,3
2007,3
2008,0
2009,2
2010,0
2011,3
2012,2
2013,2
2014,1
2015,1
2016,2
2017,2
2018,1
2019,-1
2020,-1
2021,2
2022,1
2023,2
2024,1
2025,-1
2026,0
2027,-1
2028,-1
2029,-1
2030,2
2031,1
2032,2
2033,3
2034,4
2035,-1
2036,1
2037,1
2038,0
2039,0
2040,3
2041,1
2042,3
2043,-1
2044,1
2045,1
2046,1
2047,1
2048,4
2049,2
2050,1
2051,0
2052,-1
2053,2
2054,-1
2055,3
2056,2
2057,-1
2058,3
2059,2
2060,3
2061,3
2062,0
2063,2
2064,1
2065,2
2066,4
2067,0
2068,2
2069,3
2070,1
2071,-1
2072,1
2073,-1
2074,3
2075,0
2076,-1
2077,1
2078,3
2079,2
2080,3
2081,-1
2082,2
2083,-1
2084,2
2085,4
2086,4
2087,2
2088,0
2089,0
2090,2
2091,2
2092,4
2093,-1
2094,4
2095,-1
2096,3
2097,-1
2098,2
2099,0
2100,2
2101,3
2102,4
2103,1
2104,0
2105,3
2106,3
2107,0
2108,-1
2109,1
2110,0
2111,4
2112,1
2113,1
2114,1
2115,-1
2116,3
2117,-1
2118,-1
2119,4
2120,3
2121,2
2122,-1
2123,4
2124,3
2125,1
2126,1
2127,1
2128,0
2129,1
2130,2
2131,1
2132,4
2133,3
2134,2
2135,-1
2136,-1
2137,2
2138,3
2139,2
2140,2
2141,-1
2142,3
2143,1
2144,3
2145,3
2146,0
2147,-1
2148,-1
2149,0
2150,4
2151,3
2152,-1
2153,0
2154,3
2155,-1
2156,3
2157,0
2158,0
2159,2
2160,2
2161,3
2162,0
2163,4
2164,-1
2165,1
2166,4
2167,2
2168,0
2169,-1
2170,-1
2171,4
2172,-1
2173,4
2174,0
2175,2
2176,-1
2177,0
2178,0
2179,4
2180,2
2181,4
2182,1
2183,3
2184,1
2185,2
2186,-1
2187,3
2188,0
2189,2
2190,2
2191,3
2192,4
2193,-1
2194,3
2195,0
2196,0
2197,-1
2198,3
2199,-1
2200,2
2201,3
2202,0
2203,0
2204,3
2205,0
2206,0
2207,4
2208,4
2209,-1
2210,3
2211,0
2212,2
2213,2
2214,3
2215,4
2216,-1
2217,4
2218,-1
2219,0
2220,2
2221,3
2222,3
2223,3
2224,1
2225,-1
2226,3
2227,-1
2228,2
2229,0
2230,0
2231,0
2232,1
2233,0
2234,3
2235,2
2236,2
2237,1
2238,1
2239,0
2240,2
2241,2
2242,3
2243,4
2244,0
2245,3
2246,-1
2247,4
2248,-1
2249,4
2250,2
2251,2
2252,3
2253,2
2254,1
2255,-1
2256,2
2257,-1
2258,4
2259,-1
2260,2
2261,1
2262,3
2263,0
2264,0
2265,-1
2266,2
2267,3
2268,3
2269,2
2270,-1
2271,4
2272,4
2273,2
2274,0
2275,2
2276,-1
2277,-1
2278,2
2279,3
2280,0
2281,0
2282,1
2283,1
2284,0
2285,0
2286,2
2287,-1
2288,2
2289,2
2290,-1
2291,-1
2292,4
2293,4
2294,2
2295,0
2296,1
2297,2
2298,0
2299,0
2300,-1
2301,3
2302,2
2303,1
2304,4
2305,0
2306,0
2307,-1
2308,3
2309,1
2310,1
2311,4
2312,0
2313,2
2314,-1
2315,3
2316,-1
2317,-1
2318,3
2319,0
2320,0
2321,1
2322,-1
2323,1
2324,2
2325,2
2326,2
2327,1
2328,2
2329,3
2330,4
2331,1
2332,3
2333,0
2334,1
2335,3
2336,3
2337,0
2338,-1
2339,-1
2340,3
2341,0
2342,-1
2343,1
2344,2
2345,2
2346,0
2347,3
2348,-1
2349,3
2350,2
2351,4
2352,4
2353,0
2354,2
2355,0
2356,0
2357,0
2358,3
2359,2
2360,3
2361,3
2362,-1
2363,0
2364,0
2365,2
2366,-1
2367,-1
2368,3
2369,2
2370,0
2371,4
2372,0
2373,3
2374,0
2375,0
2376,-1
2377,-1
2378,2
2379,0
2380,4
2381,1
2382,2
2383,4
2384,1
2385,0
2386,3
2387,2
2388,2
2389,-1
2390,0
2391,1
2392,2
2393,-1
2394,4
2395,4
2396,-1
2397,-1
2398,2
2399,2
2400,-1
2401,2
2402,2
2403,-1
2404,0
2405,0
2406,2
2407,2
2408,-1
2409,1
2410,3
2411,2
2412,0
2413,0
2414,2
2415,2
2416,-1
2417,3
2418,-1
2419,4
2420,0
2421,2
2422,2
2423,1
2424,3
2425,1
2426,2
2427,3
2428,4
2429,3
2430,3
2431,0
2432,2
2433,3
2434,-1
2435,2
2436,0
2437,2
2438,2
2439,3
2440,0
2441,0
2442,0
2443,3
2444,-1
2445,2
2446,2
2447,1
2448,4
2449,0
2450,-1
2451,1
2452,0
2453,3
2454,0
2455,1
2456,2
2457,3
2458,2
2459,0
2460,0
2461,1
2462,3
2463,0
2464,0
2465,1
2466,1
2467,-1
2468,-1
2469,1
2470,3
2471,4
2472,1
2473,-1
2474,1
2475,2
2476,1
2477,2
2478,1
2479,4
2480,1
2481,0
2482,2
2483,2
2484,2
2485,1
2486,2
2487,2
2488,-1
2489,1
2490,1
2491,-1
2492,4
2493,0
2494,-1
2495,1
2496,-1
2497,-1
2498,0
2499,1
2500,1
2501,-1
2502,4
2503,2
2504,-1
2505,0
2506,1
2507,2
2508,1
2509,4
2510,4
2511,2
2512,4
2513,1
2514,-1
2515,-1
2516,1
2517,3
2518,2
2519,1
2520,1
2521,3
2522,3
2523,0
2524,2
2525,0
2526,-1
2527,4
2528,-1
2529,2
2530,-1
2531,1
2532,2
2533,2
2534,2
2535,1
2536,4
2537,1
2538,2
2539,1
2540,1
2541,2
2542,2
2543,3
2544,2
2545,2
2546,3
2547,0
2548,1
2549,0
2550,4
2551,-1
2552,-1
2553,2
2554,-1
2555,2
2556,3
2557,2
2558,-1
2559,4
2560,4
2561,-1
2562,2
2563,2
2564,1
2565,-1
2566,-1
2567,0
2568,4
2569,-1
2570,-1
2571,0
2572,3
2573,-1
2574,3
2575,2
2576,4
2577,1
2578,2
2579,-1
2580,4
2581,3
2582,0
2583,-1
2584,1
2585,-1
2586,0
2587,3
2588,3
2589,1
2590,-1
2591,3
2592,-1
2593,2
2594,4
2595,0
2596,4
2597,0
2598,-1
2599,4
2600,3
2601,2
2602,1
2603,4
2604,1
2605,-1
2606,4
2607,-1
2608,2
2609,3
2610,0
2611,0
2612,0
2613,0
2614,3
2615,-1
2616,-1
2617,1
2618,1
2619,0
2620,3
2621,2
2622,1
2623,3
2624,4
2625,0
2626,0
2627,1
2628,-1
2629,3
2630,3
2631,1
2632,4
2633,-1
2634,-1
2635,2
2636,4
2637,0
2638,3
2639,0
2640,3
2641,-1
2642,3
2643,1
2644,3
2645,-1
2646,3
2647,1
2648,1
2649,-1
2650,2
2651,4
2652,1
2653,0
2654,2
2655,1
2656,3
2657,0
2658,4
2659,1
2660,-1
2661,3
2662,4
2663,2
2664,2
2665,-1
2666,0
2667,3
2668,3
2669,1
2670,2
2671,1
2672,4
2673,3
2674,0
2675,0
2676,4
2677,-1
2678,1
2679,1
2680,1
2681,-1
2682,4
2683,4
2684,4
2685,0
2686,4
2687,0
2688,3
2689,-1
2690,0
2691,4
2692,1
2693,0
2694,1
2695,0
2696,0
2697,3
2698,1
2699,4
2700,4
2701,2
2702,2
2703,3
2704,0
2705,3
2706,1
2707,0
2708,-1
2709,4
2710,-1
2711,1
2712,0
2713,1
2714,0
2715,0
2716,4
2717,0
2718,2
2719,3
2720,1
2721,0
2722,3
2723,3
2724,1
2725,-1
2726,3
2727,0
2728,3
2729,3
2730,2
2731,1
2732,2
2733,0
2734,3
2735,2
2736,3
2737,1
2738,3
2739,0
2740,1
2741,4
2742,0
2743,3
2744,2
2745,0
2746,1
2747,2
2748,0
2749,-1
2750,-1
2751,2
2752,0
2753,-1
2754,2
2755,2
2756,0
2757,2
2758,0
2759,4
2760,3
2761,2
2762,-1
2763,-1
2764,4
2765,-1
2766,2
2767,3
2768,-1
2769,3
2770,4
2771,3
2772,2
2773,-1
2774,2
2775,3
2776,4
2777,1
2778,4
2779,3
2780,4
2781,1
2782,-1
2783,2
2784,4
2785,0
2786,2
2787,0
2788,3
2789,0
2790,3
2791,1
2792,-1
2793,3
2794,1
2795,-1
2796,-1
2797,-1
2798,-1
2799,-1
2800,2
2801,0
2802,-1
2803,-1
2804,0
2805,-1
2806,1
2807,3
2808,2
2809,4
2810,2
2811,1
2812,0
2813,4
2814,4
2815,1
2816,4
2817,1
2818,1
2819,3
2820,-1
2821,0
2822,-1
2823,4
2824,-1
2825,2
2826,0
2827,-1
2828,3
2829,-1
2830,3
2831,-1
2832,1
2833,3
2834,0
2835,4
2836,0
2837,-1
2838,-1
2839,2
2840,0
2841,2
2842,0
2843,-1
2844,2
2845,1
2846,3
2847,0
2848,3
2849,0
2850,2
2851,-1
2852,3
2853,0
2854,0
2855,-1
2856,3
2857,2
2858,-1
2859,1
2860,4
2861,-1
2862,-1
2863,-1
2864,0
2865,-1
2866,2
2867,2
2868,3
2869,-1
2870,0
2871,3
2872,1
2873,4
2874,0
2875,2
2876,1
2877,2
2878,-1
2879,0
2880,-1
2881,3
2882,3
2883,2
2884,3
2885,3
2886,0
2887,0
2888,0
2889,1
2890,0
2891,2
2892,0
2893,0
2894,-1
2895,-1
2896,2
2897,0
2898,1
2899,-1
2900,1
2901,0
2902,2
2903,2
2904,-1
2905,1
2906,3
2907,2
2908,-1
2909,4
2910,1
2911,-1
2912,1
2913,1
2914,-1
2915,3
2916,2
2917,-1
2918,1
2919,1
2920,3
2921,-1
2922,1
2923,3
2924,3
2925,2
2926,2
2927,2
2928,-1
2929,4
2930,3
2931,2
2932,0
2933,1
2934,-1
2935,1
2936,1
2937,1
2938,3
2939,1
2940,2
2941,1
2942,-1
2943,-1
2944,-1
2945,3
2946,2
2947,0
2948,0
2949,2
2950,0
2951,0
2952,-1
2953,-1
2954,-1
2955,3
2956,-1
2957,-1
2958,-1
2959,0
2960,4
2961,1
2962,1
2963,1
2964,-1
2965,3
2966,3
2967,4
2968,0
2969,3
2970,3
2971,4
2972,3
2973,1
2974,-1
2975,2
2976,2
2977,-1
2978,4
2979,1
2980,-1
2981,1
2982,1
2983,0
2984,-1
2985,2
2986,3
2987,2
2988,4
2989,1
2990,0
2991,2
2992,2
2993,1
2994,2
2995,2
2996,-1
2997,1
2998,-1
2999,0
3000,4
3001,3
3002,-1
3003,-1
3004,1
3005,2
3006,4
3007,0
3008,2
3009,4
3010,4
3011,3
3012,4
3013,2
3014,0
3015,1
3016,3
3017,0
3018,1
3019,-1
3020,-1
3021,-1
3022,0
3023,2
3024,-1
3025,3
3026,2
3027,0
3028,1
3029,2
3030,0
3031,4
3032,0
3033,-1
3034,2
3035,-1
3036,1
3037,1
3038,0
3039,2
3040,-1
3041,1
3042,-1
3043,4
3044,1
3045,4
3046,1
3047,2
3048,0
3049,4
3050,-1
3051,3
3052,4
3053,2
3054,2
3055,4
3056,-1
3057,4
3058,2
3059,-1
3060,1
3061,1
3062,4
3063,2
3064,1
3065,-1
3066,-1
3067,-1
3068,3
3069,0
3070,0
3071,-1
3072,2
3073,0
3074,1
3075,4
3076,0
3077,2
3078,-1
3079,0
3080,2
3081,3
3082,-1
3083,0
3084,1
3085,-1
3086,4
3087,1
3088,3
3089,3
3090,2
3091,1
3092,3
3093,2
3094,4
3095,2
3096,0
3097,1
3098,1
3099,3
3100,0
3101,4
3102,3
3103,2
3104,2
3105,0
3106,2
3107,3
3108,2
3109,4
3110,2
3111,2
3112,1
3113,2
3114,3
3115,0
3116,0
3117,0
3118,-1
3119,2
3120,1
3121,0
3122,-1
3123,4
3124,3
3125,-1
3126,1
3127,-1
3128,4
3129,0
3130,0
3131,1
3132,2
3133,4
3134,-1
3135,-1
3136,-1
3137,2
3138,4
3139,-1
3140,3
3141,2
3142,2
3143,1
3144,-1
3145,1
3146,3
3147,1
3148,1
3149,-1
3150,4
3151,3
3152,0
3153,0
3154,2
3155,1
3156,4
3157,3
3158,-1
3159,0
3160,1
3161,-1
3162,1
3163,2
3164,4
3165,2
3166,-1
3167,-1
3168,4
3169,1
3170,0
3171,2
3172,0
3173,1
3174,-1
3175,-1
3176,0
3177,-1
3178,3
3179,-1
3180,1
3181,-1
3182,2
3183,4
3184,3
3185,1
3186,3
3187,3
3188,0
3189,1
3190,3
3191,-1
3192,3
3193,-1
3194,1
3195,2
3196,1
3197,0
3198,1
3199,3
3200,4
3201,1
3202,4
3203,3
3204,-1
3205,0
3206,2
3207,2
3208,0
3209,1
3210,3
3211,4
3212,0
3213,1
3214,0
3215,2
3216,-1
3217,2
3218,-1
3219,2
3220,0
3221,3
3222,3
3223,0
3224,2
3225,0
3226,2
3227,1
3228,1
3229,1
3230,3
3231,-1
3232,1
3233,-1
3234,0
3235,1
3236,2
3237,3
3238,2
3239,-1
3240,0
3241,0
3242,2
3243,1
3244,2
3245,-1
3246,-1
3247,0
3248,1
3249,-1
3250,1
3251,4
3252,2
3253,4
3254,1
3255,1
3256,-1
3257,0
3258,4
3259,3
3260,2
3261,2
3262,1
3263,4
3264,0
3265,0
3266,-1
3267,3
3268,-1
3269,2
3270,3
3271,2
3272,-1
3273,0
3274,4
3275,2
3276,3
3277,1
3278,2
3279,2
3280,-1
3281,2
3282,3
3283,0
3284,3
3285,2
3286,4
3287,-1
3288,0
3289,3
3290,2
3291,1
3292,2
3293,0
3294,1
3295,4
3296,2
3297,2
3298,4
3299,2
3300,2
3301,0
3302,2
3303,0
3304,0
3305,4
3306,2
3307,4
3308,3
3309,1
3310,0
3311,-1
3312,-1
3313,-1
3314,3
3315,2
3316,3
3317,2
3318,-1
3319,2
3320,3
3321,2
3322,-1
3323,1
3324,-1
3325,-1
3326,-1
3327,0
3328,-1
3329,3
3330,2
3331,4
3332,3
3333,0
3334,3
3335,2
3336,1
3337,2
3338,2
3339,2
3340,3
3341,-1
3342,2
3343,4
3344,-1
3345,2
3346,-1
3347,4
3348,0
3349,4
3350,2
3351,4
3352,2
3353,2
3354,3
3355,2
3356,4
3357,1
3358,2
3359,0
3360,3
3361,-1
3362,0
3363,0
3364,0
3365,2
3366,0
3367,-1
3368,3
3369,2
3370,4
3371,-1
3372,4
3373,2
3374,2
3375,1
3376,3
3377,1
3378,3
3379,0
3380,2
3381,0
3382,1
3383,4
3384,3
3385,3
3386,1
3387,0
3388,0
3389,4
3390,1
3391,0
3392,1
3393,-1
3394,0
3395,-1
3396,-1
3397,1
3398,1
3399,4
3400,4
3401,-1
3402,-1
3403,3
3404,2
3405,-1
3406,-1
3407,-1
3408,1
3409,1
3410,-1
3411,-1
3412,3
3413,3
3414,1
3415,4
3416,2
3417,2
3418,3
3419,-1
3420,3
3421,0
3422,1
3423,3
3424,3
3425,2
3426,0
3427,2
3428,3
3429,0
3430,1
3431,2
3432,2
3433,0
3434,2
3435,0
3436,-1
3437,4
3438,-1
3439,2
3440,0
3441,2
3442,-1
3443,4
3444,4
3445,3
3446,2
3447,-1
3448,4
3449,0
3450,3
3451,0
3452,2
3453,0
3454,3
3455,-1
3456,3
3457,-1
3458,2
3459,3
3460,0
3461,4
3462,-1
3463,2
3464,0
3465,-1
3466,-1
3467,-1
3468,3
3469,-1
3470,3
3471,-1
3472,3
3473,0
3474,0
3475,-1
3476,4
3477,2
3478,3
3479,1
3480,0
3481,3
3482,0
3483,0
3484,3
3485,-1
3486,0
3487,2
3488,2
3489,2
3490,4
3491,3
3492,0
3493,1
3494,2
3495,1
3496,4
3497,2
3498,0
3499,1
3500,2
3501,3
3502,2
3503,-1
3504,4
3505,0
3506,3
3507,2
3508,-1
3509,-1
3510,-1
3511,1
3512,4
3513,3
3514,3
3515,-1
3516,0
3517,0
3518,2
3519,-1
3520,2
3521,4
3522,-1
3523,1
3524,4
3525,2
3526,3
3527,-1
3528,4
3529,4
3530,-1
3531,1
3532,1
3533,0
3534,4
3535,2
3536,1
3537,-1
3538,4
3539,-1
3540,1
3541,0
3542,4
3543,-1
3544,0
3545,2
3546,2
3547,1
3548,4
3549,-1
3550,2
3551,-1
3552,3
3553,1
3554,2
3555,1
3556,1
3557,0
3558,4
3559,2
3560,0
3561,1
3562,4
3563,4
3564,3
3565,0
3566,2
3567,3
3568,2
3569,2
3570,3
3571,1
3572,4
3573,0
3574,4
3575,0
3576,2
3577,0
3578,-1
3579,-1
3580,2
3581,4
3582,1
3583,0
3584,4
3585,2
3586,0
3587,1
3588,0
3589,-1
3590,-1
3591,4
3592,0
3593,1
3594,4
3595,0
3596,3
3597,3
3598,-1
3599,3
3600,2
3601,2
3602,-1
3603,-1
3604,1
3605,1
3606,2
3607,0
3608,2
3609,2
3610,-1
3611,-1
3612,3
3613,4
3614,2
3615,2
3616,-1
3617,2
3618,4
3619,4
3620,0
3621,-1
3622,0
3623,4
3624,-1
3625,0
3626,4
3627,-1
3628,3
3629,3
3630,1
3631,0
3632,1
3633,0
3634,3
3635,-1
3636,0
3637,1
3638,4
3639,0
3640,4
3641,3
3642,-1
3643,3
3644,-1
3645,4
3646,-1
3647,-1
3648,-1
3649,3
3650,0
3651,2
3652,1
3653,1
3654,1
3655,0
3656,1
3657,2
3658,0
3659,2
3660,4
3661,0
3662,-1
3663,4
3664,2
3665,3
3666,4
3667,1
3668,0
3669,1
3670,-1
3671,0
3672,3
3673,4
3674,2
3675,2
3676,2
3677,0
3678,1
3679,0
3680,0
3681,0
3682,1
3683,0
3684,-1
3685,-1
3686,-1
3687,1
3688,3
3689,-1
3690,0
3691,0
3692,2
3693,4
3694,3
3695,4
3696,2
3697,-1
3698,1
3699,-1
3700,3
3701,3
3702,3
3703,1
3704,2
3705,2
3706,0
3707,-1
3708,1
3709,1
3710,3
3711,2
3712,1
3713,2
3714,0
3715,1
3716,0
3717,0
3718,3
3719,4
3720,2
3721,-1
3722,-1
3723,-1
3724,1
3725,2
3726,0
3727,1
3728,0
3729,1
3730,3
3731,-1
3732,-1
3733,3
3734,0
3735,1
3736,3
3737,3
3738,4
3739,1
3740,1
3741,0
3742,-1
3743,1
3744,3
3745,2
3746,2
3747,2
3748,-1
3749,3
3750,-1
3751,1
3752,1
3753,1
3754,0
3755,4
3756,4
3757,3
3758,0
3759,4
3760,0
3761,0
3762,0
3763,0
3764,-1
3765,1
3766,1
3767,-1
3768,1
3769,3
3770,4
3771,1
3772,0
3773,0
3774,3
3775,-1
3776,-1
3777,3
3778,0
3779,3
3780,3
3781,2
3782,1
3783,4
3784,3
3785,4
3786,2
3787,0
3788,-1
3789,2
3790,2
3791,2
3792,4
3793,3
3794,0
3795,-1
3796,3
3797,-1
3798,1
3799,3
3800,1
3801,1
3802,2
3803,1
3804,3
3805,-1
3806,2
3807,-1
3808,2
3809,2
3810,1
3811,0
3812,-1
3813,4
3814,2
3815,1
3816,0
3817,3
3818,0
3819,1
3820,3
3821,1
3822,2
3823,0
3824,2
3825,0
3826,0
3827,2
3828,1
3829,3
3830,3
3831,0
3832,0
3833,-1
3834,3
3835,-1
3836,2
3837,3
3838,-1
3839,0
3840,2
3841,3
3842,1
3843,-1
3844,-1
3845,-1
3846,2
3847,0
3848,4
3849,1
3850,1
3851,4
3852,4
3853,-1
3854,0
3855,0
3856,2
3857,3
3858,-1
3859,2
3860,0
3861,0
3862,3
3863,3
3864,0
3865,-1
3866,3
3867,1
3868,0
3869,3
3870,-1
3871,1
3872,0
3873,4
3874,-1
3875,1
3876,4
3877,2
3878,4
3879,0
3880,1
3881,3
3882,0
3883,2
3884,-1
3885,0
3886,1
3887,1
3888,1
3889,-1
3890,3
3891,0
3892,1
3893,1
3894,1
3895,4
3896,4
3897,-1
3898,3
3899,1
3900,2
3901,3
3902,2
3903,0
3904,2
3905,0
3906,0
3907,2
3908,-1
3909,3
3910,2
3911,3
3912,4
3913,-1
3914,2
3915,4
3916,0
3917,1
3918,4
3919,1
3920,3
3921,2
3922,0
3923,-1
3924,1
3925,-1
3926,2
3927,1
3928,4
3929,-1
3930,3
3931,-1
3932,4
3933,4
3934,1
3935,0
3936,-1
3937,1
3938,-1
3939,3
3940,4
3941,-1
3942,4
3943,-1
3944,-1
3945,0
3946,-1
3947,3
3948,0
3949,0
3950,4
3951,3
3952,3
3953,1
3954,2
3955,3
3956,3
3957,2
3958,4
3959,2
3960,4
3961,2
3962,-1
3963,-1
3964,2
3965,3
3966,1
3967,2
3968,1
3969,-1
3970,0
3971,4
3972,1
3973,0
3974,3
3975,4
3976,1
3977,4
3978,-1
3979,1
3980,-1
3981,1
3982,3
3983,3
3984,2
3985,0
3986,-1
3987,-1
3988,1
3989,1
3990,3
3991,0
3992,0
3993,4
3994,2
3995,4
3996,4
3997,3
3998,1
3999,1
4000,3
4001,0
4002,4
4003,-1
4004,1
4005,-1
4006,0
4007,2
4008,3
4009,1
4010,-1
4011,-1
4012,3
4013,2
4014,2
4015,2
4016,2
4017,1
4018,3
4019,-1
4020,-1
4021,-1
4022,4
4023,0
4024,0
4025,2
4026,4
4027,-1
4028,3
4029,1
4030,3
4031,3
4032,0
4033,2
4034,-1
4035,0
4036,-1
4037,1
4038,0
4039,0
4040,1
4041,1
4042,1
4043,2
4044,-1
4045,-1
4046,3
4047,3
4048,2
4049,0
4050,-1
4051,3
4052,4
4053,2
4054,-1
4055,3
4056,2
4057,3
4058,2
4059,1
4060,2
4061,-1
4062,0
4063,0
4064,-1
4065,3
4066,1
4067,4
4068,2
4069,1
4070,4
4071,-1
4072,4
4073,1
4074,2
4075,-1
4076,2
4077,1
4078,3
4079,2
4080,3
4081,0
4082,0
4083,0
4084,3
4085,1
4086,-1
4087,3
4088,0
4089,3
4090,2
4091,4
4092,4
4093,-1
4094,-1
4095,1
4096,1
4097,0
4098,0
4099,1
4100,2
4101,4
4102,-1
4103,0
4104,1
4105,0
4106,0
4107,4
4108,3
4109,1
4110,2
4111,1
4112,-1
4113,0
4114,1
4115,2
4116,4
4117,0
4118,-1
4119,3
4120,4
4121,1
4122,4
4123,3
4124,3
4125,0
4126,4
4127,0
4128,3
4129,0
4130,1
4131,0
4132,0
4133,2
4134,1
4135,-1
4136,4
4137,4
4138,3
4139,0
4140,-1
4141,-1
4142,3
4143,-1
4144,0
4145,4
4146,0
4147,-1
4148,-1
4149,1
4150,4
4151,0
4152,3
4153,2
4154,-1
4155,-1
4156,-1
4157,2
4158,2
4159,-1
4160,-1
4161,2
4162,4
4163,1
4164,2
4165,2
4166,0
4167,4
4168,3
4169,0
4170,1
4171,-1
4172,2
4173,-1
4174,2
4175,2
4176,1
4177,1
4178,2
4179,1
4180,0
4181,-1
4182,1
4183,4
4184,3
4185,-1
4186,1
4187,3
4188,2
4189,1
4190,0
4191,0
4192,1
4193,2
4194,2
4195,1
4196,-1
4197,1
4198,1
4199,0
4200,1
4201,0
4202,0
4203,4
4204,1
4205,2
4206,-1
4207,4
4208,3
4209,3
4210,2
4211,0
4212,1
4213,-1
4214,4
4215,0
4216,2
4217,1
4218,3
4219,3
4220,0
4221,3
4222,3
4223,3
4224,-1
4225,0
4226,-1
4227,-1
4228,3
4229,2
4230,-1
4231,3
4232,4
4233,-1
4234,1
4235,1
4236,1
4237,1
4238,4
4239,-1
4240,-1
4241,0
4242,2
4243,3
4244,-1
4245,-1
4246,1
4247,0
4248,2
4249,1
4250,0
4251,1
4252,1
4253,2
4254,0
4255,-1
4256,2
4257,0
4258,4
4259,-1
4260,3
4261,4
4262,1
4263,2
4264,2
4265,1
4266,1
4267,2
4268,0
4269,-1
4270,0
4271,-1
4272,0
4273,-1
4274,-1
4275,2
4276,-1
4277,4
4278,1
4279,1
4280,3
4281,4
4282,4
4283,0
4284,3
4285,0
4286,3
4287,-1
4288,0
4289,2
4290,-1
4291,2
4292,0
4293,2
4294,4
4295,3
4296,3
4297,3
4298,-1
4299,4
4300,-1
4301,0
4302,-1
4303,1
4304,4
4305,4
4306,-1
4307,3
4308,1
4309,3
4310,-1
4311,1
4312,2
4313,4
4314,-1
4315,4
4316,0
4317,3
4318,2
4319,1
4320,-1
4321,2
4322,1
4323,0
4324,-1
4325,4
4326,4
4327,4
4328,0
4329,0
4330,0
4331,2
4332,0
4333,1
4334,4
4335,2
4336,0
4337,-1
4338,1
4339,1
4340,3
4341,3
4342,-1
4343,2
4344,3
4345,0
4346,3
4347,3
4348,0
4349,0
4350,2
4351,3
4352,2
4353,2
4354,0
4355,2
4356,-1
4357,-1
4358,-1
4359,0
4360,0
4361,3
4362,3
4363,3
4364,0
4365,2
4366,1
4367,2
4368,0
4369,2
4370,3
4371,0
4372,2
4373,-1
4374,1
4375,-1
4376,4
4377,-1
4378,4
4379,-1
4380,1
4381,3
4382,2
4383,0
4384,-1
4385,2
4386,0
4387,2
4388,0
4389,-1
4390,4
4391,2
4392,3
4393,2
4394,-1
4395,2
4396,-1
4397,1
4398,-1
4399,-1
4400,4
4401,1
4402,-1
4403,1
4404,2
4405,-1
4406,2
4407,4
4408,3
4409,-1
4410,-1
4411,2
4412,2
4413,3
4414,1
4415,0
4416,0
4417,-1
4418,-1
4419,2
4420,3
4421,2
4422,3
4423,1
4424,0
4425,0
4426,2
4427,0
4428,4
4429,3
4430,2
4431,2
4432,-1
4433,4
4434,4
4435,-1
4436,2
4437,1
4438,0
4439,4
4440,3
4441,2
4442,3
4443,4
4444,1
4445,0
4446,1
4447,3
4448,0
4449,-1
4450,0
4451,-1
4452,-1
4453,0
4454,0
4455,0
4456,2
4457,3
4458,1
4459,3
4460,-1
4461,1
4462,3
4463,2
4464,-1
4465,2
4466,1
4467,1
4468,1
4469,-1
4470,0
4471,-1
4472,3
4473,-1
4474,2
4475,-1
4476,1
4477,-1
4478,0
4479,4
4480,-1
4481,3
4482,2
4483,4
4484,-1
4485,4
4486,-1
4487,1
4488,0
4489,2
4490,1
4491,2
4492,4
4493,-1
4494,-1
4495,0
4496,4
4497,-1
4498,0
4499,1
4500,-1
4501,1
4502,1
4503,1
4504,1
4505,-1
4506,3
4507,1
4508,1
4509,4
4510,2
4511,4
4512,1
4513,2
4514,3
4515,2
4516,1
4517,-1
4518,0
4519,2
4520,4
4521,2
4522,0
4523,2
4524,2
4525,4
4526,-1
4527,2
4528,-1
4529,2
4530,1
4531,4
4532,3
4533,2
4534,0
4535,0
4536,4
4537,0
4538,0
4539,3
4540,-1
4541,0
4542,3
4543,1
4544,2
4545,2
4546,0
4547,0
4548,1
4549,3
4550,3
4551,-1
4552,-1
4553,-1
4554,3
4555,0
4556,0
4557,1
4558,4
4559,3
4560,2
4561,2
4562,3
4563,0
4564,2
4565,0
4566,2
4567,4
4568,4
4569,-1
4570,3
4571,3
4572,1
4573,0
4574,3
4575,0
4576,0
4577,-1
4578,1
4579,2
4580,-1
4581,-1
4582,0
4583,0
4584,4
4585,-1
4586,-1
4587,4
4588,2
4589,-1
4590,2
4591,3
4592,0
4593,4
4594,3
4595,2
4596,1
4597,3
4598,-1
4599,2
4600,2
4601,1
4602,0
4603,2
4604,0
4605,0
4606,-1
4607,4
4608,2
4609,1
4610,2
4611,1
4612,1
4613,-1
4614,-1
4615,0
4616,2
4617,2
4618,2
4619,2
4620,1
4621,0
4622,-1
4623,-1
4624,3
4625,3
4626,3
4627,3
4628,-1
4629,4
4630,1
4631,1
4632,3
4633,2
4634,4
4635,3
4636,4
4637,1
4638,2
4639,2
4640,0
4641,-1
4642,-1
4643,0
4644,-1
4645,0
4646,0
4647,1
4648,2
4649,-1
4650,0
4651,0
4652,2
4653,4
4654,4
4655,2
4656,1
4657,3
4658,1
4659,1
4660,3
4661,0
4662,3
4663,-1
4664,-1
4665,2
4666,2
4667,0
4668,0
4669,4
4670,2
4671,1
4672,0
4673,0
4674,2
4675,2
4676,1
4677,-1
4678,2
4679,0
4680,-1
4681,4
4682,0
4683,0
4684,-1
4685,-1
4686,-1
4687,4
4688,2
4689,0
4690,2
4691,4
4692,-1
4693,1
4694,-1
4695,1
4696,0
4697,4
4698,0
4699,3
4700,4
4701,3
4702,3
4703,2
4704,1
4705,1
4706,3
4707,3
4708,-1
4709,1
4710,4
4711,0
4712,3
4713,0
4714,-1
4715,2
4716,1
4717,2
4718,3
4719,4
4720,0
4721,-1
4722,1
4723,0
4724,3
4725,0
4726,2
4727,0
4728,2
4729,-1
4730,1
4731,2
4732,-1
4733,-1
4734,0
4735,4
4736,1
4737,3
4738,-1
4739,-1
4740,3
4741,0
4742,4
4743,1
4744,0
4745,2
4746,0
4747,-1
4748,-1
4749,1
4750,4
4751,-1
4752,1
4753,0
4754,1
4755,-1
4756,2
4757,4
4758,-1
4759,3
4760,1
4761,-1
4762,1
4763,0
4764,4
4765,-1
4766,3
4767,0
4768,1
4769,0
4770,0
4771,3
4772,3
4773,0
4774,2
4775,3
4776,3
4777,2
4778,2
4779,0
4780,-1
4781,3
4782,1
4783,0
4784,2
4785,1
4786,3
4787,0
4788,1
4789,0
4790,3
4791,3
4792,2
4793,0
4794,1
4795,-1
4796,0
4797,0
4798,2
4799,3
4800,2
4801,0
4802,3
4803,0
4804,3
4805,1
4806,0
4807,-1
4808,-1
4809,-1
4810,0
4811,2
4812,2
4813,4
4814,1
4815,4
4816,0
4817,-1
4818,-1
4819,0
4820,2
4821,-1
4822,4
4823,3
4824,2
4825,-1
4826,4
4827,4
4828,-1
4829,3
4830,3
4831,-1
4832,3
4833,1
4834,0
4835,1
4836,2
4837,-1
4838,1
4839,3
4840,0
4841,0
4842,2
4843,-1
4844,2
4845,1
4846,-1
4847,0
4848,3
4849,2
4850,-1
4851,4
4852,0
4853,0
4854,-1
4855,2
4856,4
4857,0
4858,1
4859,-1
4860,3
4861,-1
4862,-1
4863,0
4864,-1
4865,-1
4866,-1
4867,2
4868,4
4869,2
4870,1
4871,-1
4872,2
4873,2
4874,-1
4875,4
4876,2
4877,1
4878,-1
4879,0
4880,4
4881,2
4882,1
4883,2
4884,1
4885,2
4886,-1
4887,-1
4888,1
4889,0
4890,3
4891,3
4892,0
4893,0
4894,-1
4895,1
4896,1
4897,4
4898,0
4899,0
4900,1
4901,1
4902,1
4903,2
4904,1
4905,2
4906,4
4907,1
4908,1
4909,1
4910,3
4911,3
4912,-1
4913,4
4914,1
4915,-1
4916,3
4917,1
4918,3
4919,0
4920,-1
4921,-1
4922,0
4923,3
4924,4
4925,-1
4926,0
4927,4
4928,2
4929,-1
4930,4
4931,-1
4932,3
4933,1
4934,3
4935,-1
4936,2
4937,0
4938,1
4939,2
4940,1
4941,-1
4942,-1
4943,1
4944,4
4945,0
4946,1
4947,-1
4948,4
4949,3
4950,4
4951,1
4952,4
4953,2
4954,0
4955,-1
4956,2
4957,3
4958,3
4959,-1
4960,-1
4961,-1
4962,2
4963,3
4964,2
4965,4
4966,3
4967,-1
4968,2
4969,2
4970,4
4971,1
4972,0
4973,0
4974,0
4975,0
4976,1
4977,1
4978,0
4979,3
4980,2
4981,2
4982,2
4983,2
4984,0
4985,-1
4986,1
4987,2
4988,1
4989,0
4990,3
4991,3
4992,1
4993,4
4994,3
4995,1
4996,3
4997,4
4998,-1
4999,-1
5000,-1
5001,1
5002,2
5003,0
5004,1
5005,0
5006,4
5007,4
5008,4
5009,0
5010,0
5011,4
5012,4
5013,-1
5014,1
5015,-1
5016,-1
5017,2
5018,0
5019,-1
5020,-1
5021,0
5022,2
5023,3
5024,1
5025,-1
5026,-1
5027,0
5028,4
5029,3
5030,4
5031,-1
5032,3
5033,0
5034,-1
5035,1
5036,3
5037,-1
5038,2
5039,3
5040,4
5041,-1
5042,3
5043,3
5044,-1
5045,1
5046,2
5047,0
5048,1
5049,-1
5050,1
5051,1
5052,2
5053,2
5054,-1
5055,-1
5056,-1
5057,2
5058,4
5059,1
5060,0
5061,3
5062,2
5063,-1
5064,4
5065,4
5066,1
5067,2
5068,4
5069,-1
5070,0
5071,4
5072,0
5073,2
5074,0
5075,3
5076,2
5077,-1
5078,2
5079,3
5080,0
5081,1
5082,3
5083,-1
5084,-1
5085,-1
5086,2
5087,0
5088,0
5089,4
5090,2
5091,0
5092,2
5093,4
5094,0
5095,4
5096,0
5097,2
5098,3
5099,4
5100,-1
5101,2
5102,2
5103,0
5104,-1
5105,3
5106,0
5107,3
5108,2
5109,2
5110,0
5111,1
5112,2
5113,0
5114,1
5115,3
5116,1
5117,2
5118,3
5119,0
5120,-1
5121,-1
5122,4
5123,1
5124,4
5125,3
5126,4
5127,0
5128,3
5129,1
5130,0
5131,0
5132,-1
5133,3
5134,4
5135,2
5136,4
5137,2
5138,2
5139,-1
5140,3
5141,3
5142,2
5143,0
5144,2
5145,0
5146,4
5147,2
5148,0
5149,0
5150,2
5151,0
5152,4
5153,-1
5154,0
5155,1
5156,-1
5157,-1
5158,0
5159,3
5160,-1
5161,0
5162,-1
5163,2
5164,2
5165,0
5166,3
5167,1
5168,3
5169,0
5170,0
5171,2
5172,0
5173,-1
5174,3
5175,2
5176,1
5177,3
5178,1
5179,4
5180,0
5181,2
5182,-1
5183,0
5184,2
5185,1
5186,1
5187,2
5188,2
5189,0
5190,2
5191,-1
5192,3
5193,-1
5194,1
5195,0
5196,3
5197,2
5198,1
5199,-1
5200,0
5201,1
5202,-1
5203,2
5204,-1
5205,2
5206,3
5207,1
5208,4
5209,1
5210,0
5211,1
5212,4
5213,3
5214,-1
5215,3
5216,2
5217,3
5218,4
5219,1
5220,-1
5221,2
5222,2
5223,4
5224,2
5225,1
5226,3
5227,4
5228,3
5229,0
5230,4
5231,-1
5232,2
5233,-1
5234,1
5235,2
5236,0
5237,0
5238,4
5239,-1
5240,3
5241,3
5242,1
5243,4
5244,0
5245,0
5246,0
5247,2
5248,-1
5249,1
5250,0
5251,3
5252,-1
5253,-1
5254,0
5255,1
5256,-1
5257,3
5258,1
5259,2
5260,-1
5261,3
5262,3
5263,2
5264,-1
5265,0
5266,1
5267,3
5268,2
5269,1
5270,4
5271,4
5272,0
5273,3
5274,4
5275,0
5276,4
5277,-1
5278,0
5279,0
5280,2
5281,2
5282,3
5283,3
5284,3
5285,3
5286,4
5287,0
5288,-1
5289,-1
5290,4
5291,1
5292,0
5293,-1
5294,-1
5295,3
5296,1
5297,0
5298,-1
5299,3
5300,2
5301,2
5302,3
5303,1
5304,1
5305,0
5306,-1
5307,-1
5308,2
5309,4
5310,-1
5311,3
5312,0
5313,-1
5314,2
5315,3
5316,2
5317,2
5318,1
5319,-1
5320,3
5321,0
5322,2
5323,0
5324,0
5325,1
5326,-1
5327,3
5328,2
5329,1
5330,2
5331,0
5332,1
5333,-1
5334,-1
5335,-1
5336,3
5337,1
5338,1
5339,0
5340,1
5341,2
5342,0
5343,3
5344,3
5345,2
5346,2
5347,-1
5348,-1
5349,0
5350,0
5351,-1
5352,3
5353,0
5354,3
5355,-1
5356,-1
5357,0
5358,2
5359,1
5360,1
5361,4
5362,2
5363,-1
5364,3
5365,3
5366,2
5367,2
5368,0
5369,4
5370,2
5371,4
5372,-1
5373,-1
5374,-1
5375,0
5376,-1
5377,2
5378,1
5379,-1
5380,-1
5381,3
5382,3
5383,4
5384,3
5385,1
5386,0
5387,0
5388,-1
5389,-1
5390,3
5391,4
5392,0
5393,3
5394,0
5395,2
5396,1
5397,4
5398,1
5399,-1
5400,3
5401,0
5402,2
5403,-1
5404,1
5405,1
5406,-1
5407,-1
5408,3
5409,3
5410,3
5411,1
5412,1
5413,3
5414,-1
5415,-1
5416,-1
5417,3
5418,4
5419,0
5420,3
5421,-1
5422,-1
5423,3
5424,2
5425,-1
5426,3
5427,1
5428,0
5429,0
5430,4
5431,2
5432,3
5433,0
5434,4
5435,0
5436,-1
5437,2
5438,0
5439,2
5440,2
5441,0
5442,-1
5443,3
5444,0
5445,3
5446,3
5447,0
5448,-1
5449,0
5450,0
5451,-1
5452,-1
5453,2
5454,-1
5455,3
5456,2
5457,3
5458,1
5459,-1
5460,0
5461,4
5462,-1
5463,-1
5464,0
5465,0
5466,-1
5467,0
5468,1
5469,0
5470,3
5471,1
5472,0
5473,2
5474,-1
5475,-1
5476,2
5477,-1
5478,2
5479,0
5480,-1
5481,2
5482,1
5483,0
5484,4
5485,1
5486,0
5487,-1
5488,3
5489,0
5490,3
5491,3
5492,0
5493,0
5494,0
5495,1
5496,-1
5497,2
5498,-1
5499,2
5500,1
5501,4
5502,0
5503,4
5504,1
5505,0
5506,3
5507,0
5508,0
5509,2
5510,4
5511,0
5512,0
5513,-1
5514,4
5515,2
5516,-1
5517,0
5518,2
5519,-1
5520,-1
5521,4
5522,1
5523,2
5524,1
5525,-1
5526,4
5527,4
5528,3
5529,1
5530,1
5531,-1
5532,3
5533,1
5534,0
5535,4
5536,1
5537,-1
5538,4
5539,3
5540,1
5541,3
5542,0
5543,0
5544,1
5545,3
5546,0
5547,-1
5548,4
5549,1
5550,0
5551,0
5552,3
5553,1
5554,1
5555,4
5556,0
5557,0
5558,4
5559,3
5560,4
5561,-1
5562,-1
5563,1
5564,-1
5565,2
5566,3
5567,4
5568,0
5569,-1
5570,2
5571,1
5572,4
5573,3
5574,4
5575,1
5576,3
5577,-1
5578,2
5579,0
5580,2
5581,2
5582,1
5583,-1
5584,2
5585,-1
5586,4
5587,2
5588,2
5589,0
5590,-1
5591,2
5592,3
5593,-1
5594,0
5595,0
5596,0
5597,3
5598,-1
5599,1
5600,0
5601,-1
5602,1
5603,2
5604,0
5605,2
5606,2
5607,4
5608,3
5609,1
5610,1
5611,1
5612,4
5613,0
5614,0
5615,-1
5616,-1
5617,0
5618,0
5619,0
5620,3
5621,0
5622,0
5623,3
5624,1
5625,2
5626,0
5627,-1
5628,2
5629,1
5630,0
5631,0
5632,0
5633,-1
5634,2
5635,3
5636,-1
5637,1
5638,-1
5639,1
5640,-1
5641,-1
5642,-1
5643,0
5644,1
5645,2
5646,4
5647,-1
5648,3
5649,2
5650,0
5651,0
5652,4
5653,4
5654,4
5655,3
5656,1
5657,2
5658,2
5659,0
5660,3
5661,-1
5662,0
5663,0
5664,1
5665,0
5666,2
5667,3
5668,-1
5669,-1
5670,-1
5671,2
5672,1
5673,0
5674,-1
5675,3
5676,1
5677,-1
5678,0
5679,1
5680,0
5681,1
5682,-1
5683,1
5684,3
5685,-1
5686,2
5687,0
5688,1
5689,-1
5690,-1
5691,0
5692,0
5693,-1
5694,-1
5695,2
5696,1
5697,-1
5698,4
5699,4
5700,1
5701,-1
5702,-1
5703,-1
5704,-1
5705,1
5706,0
5707,-1
5708,4
5709,3
5710,3
5711,2
5712,-1
5713,4
5714,-1
5715,-1
5716,0
5717,-1
5718,4
5719,2
5720,0
5721,-1
5722,2
5723,4
5724,2
5725,0
5726,2
5727,2
5728,3
5729,0
5730,1
5731,-1
5732,4
5733,0
5734,2
5735,0
5736,4
5737,2
5738,4
5739,3
5740,3
5741,3
5742,3
5743,0
5744,3
5745,4
5746,2
5747,0
5748,4
5749,-1
5750,1
5751,1
5752,0
5753,-1
5754,2
5755,4
5756,2
5757,4
5758,3
5759,3
5760,1
5761,1
5762,0
5763,0
5764,2
5765,3
5766,0
5767,2
5768,-1
5769,3
5770,1
5771,1
5772,4
5773,-1
5774,4
5775,0
5776,-1
5777,3
5778,1
5779,-1
5780,1
5781,4
5782,0
5783,3
5784,1
5785,3
5786,2
5787,3
5788,-1
5789,1
5790,0
5791,4
5792,0
5793,-1
5794,-1
5795,3
5796,-1
5797,2
5798,2
5799,1
5800,0
5801,4
5802,0
5803,-1
5804,4
5805,4
5806,1
5807,0
5808,3
5809,4
5810,4
5811,0
5812,4
5813,-1
5814,1
5815,2
5816,2
5817,0
5818,-1
5819,1
5820,3
5821,0
5822,4
5823,4
5824,0
5825,2
5826,-1
5827,3
5828,-1
5829,4
5830,1
5831,0
5832,0
5833,1
5834,0
5835,1
5836,2
5837,0
5838,-1
5839,2
5840,-1
5841,0
5842,3
5843,1
5844,-1
5845,4
5846,0
5847,2
5848,2
5849,-1
5850,3
5851,2
5852,2
5853,1
5854,-1
5855,0
5856,4
5857,1
5858,2
5859,4
5860,2
5861,1
5862,1
5863,4
5864,4
5865,4
5866,3
5867,2
5868,4
5869,0
5870,1
5871,1
5872,-1
5873,2
5874,3
5875,-1
5876,1
5877,2
5878,1
5879,0
5880,1
5881,4
5882,3
5883,3
5884,4
5885,1
5886,3
5887,-1
5888,-1
5889,1
5890,-1
5891,2
5892,2
5893,2
5894,1
5895,2
5896,3
5897,-1
5898,1
5899,1
5900,3
5901,0
5902,0
5903,-1
5904,0
5905,0
5906,4
5907,0
5908,3
5909,4
5910,-1
5911,2
5912,-1
5913,1
5914,3
5915,4
5916,3
5917,4
5918,-1
5919,-1
5920,-1
5921,2
5922,4
5923,-1
5924,2
5925,4
5926,-1
5927,-1
5928,0
5929,2
5930,0
5931,1
5932,3
5933,-1
5934,0
5935,-1
5936,2
5937,3
5938,-1
5939,3
5940,3
5941,4
5942,3
5943,2
5944,-1
5945,4
5946,1
5947,2
5948,3
5949,-1
5950,2
5951,1
5952,2
5953,-1
5954,3
5955,1
5956,0
5957,-1
5958,1
5959,4
5960,4
5961,-1
5962,2
5963,3
5964,3
5965,0
5966,3
5967,0
5968,1
5969,2
5970,0
5971,-1
5972,0
5973,2
5974,4
5975,1
5976,2
5977,2
5978,1
5979,2
5980,3
5981,0
5982,2
5983,2
5984,1
5985,3
5986,3
5987,3
5988,-1
5989,1
5990,2
5991,1
5992,2
5993,0
5994,3
5995,-1
5996,2
5997,2
5998,1
5999,-1
6000,0
6001,0
6002,1
6003,0
6004,4
6005,2
6006,4
6007,0
6008,-1
6009,-1
6010,1
6011,0
6012,0
6013,1
6014,2
6015,0
6016,-1
6017,-1
6018,0
6019,-1
6020,4
6021,-1
6022,4
6023,2
6024,1
6025,3
6026,-1
6027,1
6028,4
6029,1
6030,4
6031,4
6032,0
6033,1
6034,2
6035,4
6036,-1
6037,-1
6038,4
6039,0
6040,1
6041,4
6042,1
6043,2
6044,2
6045,0
6046,0
6047,0
6048,1
6049,2
6050,0
6051,-1
6052,1
6053,3
6054,2
6055,-1
6056,0
6057,3
6058,0
6059,-1
6060,0
6061,1
6062,1
6063,1
6064,0
6065,4
6066,3
6067,0
6068,2
6069,2
6070,4
6071,1
6072,-1
6073,1
6074,1
6075,4
6076,2
6077,1
6078,2
6079,-1
6080,2
6081,1
6082,2
6083,-1
6084,2
6085,0
6086,4
6087,-1
6088,2
6089,3
6090,2
6091,0
6092,1
6093,1
6094,0
6095,0
6096,4
6097,3
6098,1
6099,2
6100,1
6101,3
6102,1
6103,3
6104,0
6105,0
6106,2
6107,2
6108,0
6109,4
6110,0
6111,-1
6112,3
6113,0
6114,2
6115,2
6116,4
6117,0
6118,-1
6119,1
6120,3
6121,-1
6122,4
6123,2
6124,-1
6125,-1
6126,1
6127,0
6128,2
6129,1
6130,0
6131,1
6132,-1
6133,3
6134,3
6135,3
6136,2
6137,3
6138,2
6139,2
6140,1
6141,0
6142,0
6143,0
6144,4
6145,-1
6146,2
6147,4
6148,2
6149,-1
6150,3
6151,0
6152,1
6153,-1
6154,-1
6155,1
6156,3
6157,1
6158,1
6159,0
6160,2
6161,1
6162,1
6163,-1
6164,3
6165,-1
6166,0
6167,-1
6168,3
6169,0
6170,2
6171,2
6172,1
6173,2
6174,2
6175,-1
6176,0
6177,0
6178,1
6179,1
6180,3
6181,0
6182,3
6183,1
6184,1
6185,1
6186,3
6187,3
6188,2
6189,2
6190,-1
6191,4
6192,-1
6193,4
6194,3
6195,4
6196,3
6197,1
6198,0
6199,2
6200,2
6201,-1
6202,0
6203,-1
6204,2
6205,1
6206,1
6207,3
6208,-1
6209,0
6210,3
6211,0
6212,3
6213,-1
6214,2
6215,2
6216,4
6217,-1
6218,1
6219,4
6220,2
6221,0
6222,2
6223,0
6224,0
6225,-1
6226,2
6227,-1
6228,0
6229,4
6230,3
6231,4
6232,4
6233,0
6234,2
6235,3
6236,3
6237,0
6238,3
6239,1
6240,2
6241,1
6242,-1
6243,2
6244,2
6245,0
6246,0
6247,1
6248,3
6249,3
6250,3
6251,2
6252,0
6253,-1
6254,-1
6255,1
6256,4
6257,4
6258,0
6259,4
6260,1
6261,4
6262,2
6263,2
6264,2
6265,1
6266,0
6267,2
6268,4
6269,3
6270,2
6271,-1
6272,2
6273,-1
6274,-1
6275,-1
6276,3
6277,1
6278,2
6279,0
6280,0
6281,-1
6282,-1
6283,3
6284,0
6285,1
6286,0
6287,0
6288,3
6289,4
6290,-1
6291,2
6292,2
6293,-1
6294,0
6295,3
6296,4
6297,1
6298,-1
6299,2
6300,4
6301,0
6302,1
6303,0
6304,3
6305,4
6306,4
6307,0
6308,4
6309,2
6310,3
6311,1
6312,4
6313,3
6314,-1
6315,2
6316,4
6317,-1
6318,0
6319,4
6320,-1
6321,0
6322,3
6323,4
6324,-1
6325,1
6326,4
6327,3
6328,1
6329,4
6330,1
6331,-1
6332,-1
6333,4
6334,3
6335,2
6336,-1
6337,-1
6338,-1
6339,3
6340,-1
6341,2
6342,-1
6343,1
6344,0
6345,0
6346,1
6347,1
6348,-1
6349,-1
6350,-1
6351,2
6352,-1
6353,-1
6354,-1
6355,1
6356,2
6357,4
6358,3
6359,1
6360,3
6361,0
6362,3
6363,-1
6364,2
6365,-1
6366,0
6367,2
6368,-1
6369,2
6370,3
6371,1
6372,1
6373,-1
6374,-1
6375,1
6376,3
6377,4
6378,1
6379,1
6380,2
6381,-1
6382,1
6383,3
6384,4
6385,2
6386,4
6387,4
6388,1
6389,3
6390,3
6391,4
6392,4
6393,0
6394,2
6395,1
6396,3
6397,1
6398,1
6399,2
6400,3
6401,3
6402,2
6403,3
6404,4
6405,0
6406,3
6407,0
6408,4
6409,0
6410,0
6411,0
6412,2
6413,-1
6414,-1
6415,2
6416,2
6417,-1
6418,0
6419,1
6420,1
6421,2
6422,1
6423,0
6424,2
6425,3
6426,0
6427,3
6428,2
6429,2
6430,1
6431,3
6432,3
6433,2
6434,4
6435,0
6436,-1
6437,3
6438,3
6439,-1
6440,-1
6441,0
6442,-1
6443,0
6444,0
6445,-1
6446,4
6447,1
6448,4
6449,2
6450,0
6451,-1
6452,3
6453,2
6454,-1
6455,1
6456,0
6457,0
6458,3
6459,1
6460,2
6461,1
6462,0
6463,-1
6464,1
6465,2
6466,3
6467,1
6468,2
6469,0
6470,2
6471,0
6472,0
6473,1
6474,-1
6475,4
6476,1
6477,-1
6478,-1
6479,4
6480,2
6481,3
6482,1
6483,0
6484,1
6485,1
6486,4
6487,3
6488,1
6489,0
6490,0
6491,2
6492,0
6493,-1
6494,3
6495,-1
6496,-1
6497,2
6498,3
6499,0
6500,-1
6501,-1
6502,-1
6503,2
6504,2
6505,1
6506,3
6507,-1
6508,1
6509,3
6510,1
6511,4
6512,4
6513,1
6514,2
6515,1
6516,3
6517,3
6518,-1
6519,1
6520,2
6521,1
6522,-1
6523,-1
6524,-1
6525,2
6526,-1
6527,-1
6528,3
6529,0
6530,2
6531,2
6532,2
6533,3
6534,2
6535,3
6536,-1
6537,2
6538,-1
6539,3
6540,0
6541,0
6542,0
6543,-1
6544,0
6545,2
6546,4
6547,4
6548,4
6549,3
6550,4
6551,4
6552,-1
6553,1
6554,2
6555,-1
6556,3
6557,1
6558,4
6559,2
6560,1
6561,1
6562,3
6563,1
6564,0
6565,1
6566,-1
6567,0
6568,3
6569,-1
6570,2
6571,4
6572,4
6573,2
6574,4
6575,1
6576,0
6577,-1
6578,3
6579,1
6580,0
6581,3
6582,-1
6583,3
6584,0
6585,-1
6586,1
6587,3
6588,0
6589,-1
6590,0
6591,4
6592,2
6593,2
6594,2
6595,2
6596,0
6597,3
6598,1
6599,2
6600,0
6601,-1
6602,3
6603,1
6604,-1
6605,0
6606,2
6607,3
6608,1
6609,2
6610,-1
6611,4
6612,0
6613,4
6614,4
6615,1
6616,4
6617,1
6618,-1
6619,3
6620,-1
6621,4
6622,2
6623,0
6624,1
6625,4
6626,3
6627,-1
6628,2
6629,1
6630,-1
6631,2
6632,-1
6633,-1
6634,2
6635,1
6636,4
6637,4
6638,4
6639,0
6640,2
6641,2
6642,0
6643,1
6644,-1
6645,2
6646,1
6647,2
6648,2
6649,-1
6650,-1
6651,3
6652,2
6653,3
6654,4
6655,2
6656,-1
6657,4
6658,-1
6659,2
6660,1
6661,4
6662,-1
6663,1
6664,1
6665,3
6666,-1
6667,3
6668,4
6669,-1
6670,0
6671,-1
6672,-1
6673,0
6674,4
6675,1
6676,4
6677,2
6678,2
6679,3
6680,-1
6681,-1
6682,-1
6683,3
6684,0
6685,1
6686,3
6687,3
6688,2
6689,0
6690,4
6691,-1
6692,0
6693,3
6694,1
6695,4
6696,3
6697,-1
6698,0
6699,-1
6700,0
6701,4
6702,3
6703,1
6704,-1
6705,3
6706,1
6707,0
6708,3
6709,4
6710,2
6711,2
6712,1
6713,2
6714,0
6715,3
6716,-1
6717,0
6718,0
6719,1
6720,0
6721,1
6722,1
6723,0
6724,-1
6725,3
6726,4
6727,4
6728,1
6729,0
6730,0
6731,2
6732,3
6733,1
6734,3
6735,1
6736,-1
6737,2
6738,4
6739,-1
6740,-1
6741,1
6742,-1
6743,0
6744,-1
6745,2
6746,0
6747,1
6748,-1
6749,4
6750,3
6751,0
6752,1
6753,1
6754,0
6755,1
6756,-1
6757,-1
6758,1
6759,-1
6760,0
6761,0
6762,0
6763,3
6764,3
6765,4
6766,1
6767,0
6768,-1
6769,1
6770,3
6771,3
6772,0
6773,3
6774,-1
6775,0
6776,1
6777,3
6778,2
6779,-1
6780,3
6781,1
6782,1
6783,0
6784,4
6785,0
6786,2
6787,-1
6788,-1
6789,-1
6790,-1
6791,2
6792,0
6793,2
6794,3
6795,2
6796,3
6797,1
6798,1
6799,-1
6800,2
6801,0
6802,3
6803,1
6804,4
6805,0
6806,2
6807,3
6808,4
6809,1
6810,-1
6811,1
6812,2
6813,1
6814,2
6815,2
6816,-1
6817,1
6818,0
6819,-1
6820,1
6821,2
6822,-1
6823,1
6824,0
6825,4
6826,0
6827,0
6828,2
6829,-1
6830,0
6831,3
6832,1
6833,-1
6834,-1
6835,2
6836,2
6837,2
6838,-1
6839,4
6840,-1
6841,2
6842,3
6843,0
6844,0
6845,0
6846,3
6847,4
6848,-1
6849,2
6850,3
6851,0
6852,1
6853,0
6854,0
6855,1
6856,0
6857,3
6858,1
6859,-1
6860,0
6861,3
6862,4
6863,0
6864,4
6865,1
6866,4
6867,0
6868,-1
6869,-1
6870,-1
6871,-1
6872,4
6873,-1
6874,4
6875,4
6876,1
6877,0
6878,1
6879,3
6880,-1
6881,-1
6882,-1
6883,4
6884,3
6885,4
6886,0
6887,1
6888,3
6889,2
6890,4
6891,0
6892,-1
6893,0
6894,-1
6895,-1
6896,4
6897,1
6898,-1
6899,0
6900,-1
6901,1
6902,0
6903,-1
6904,2
6905,2
6906,3
6907,0
6908,3
6909,0
6910,0
6911,4
6912,2
6913,2
6914,1
6915,1
6916,1
6917,1
6918,0
6919,1
6920,0
6921,2
6922,4
6923,0
6924,3
6925,-1
6926,0
6927,3
6928,3
6929,2
6930,0
6931,-1
6932,-1
6933,-1
6934,4
6935,4
6936,2
6937,3
6938,-1
6939,0
6940,1
6941,2
6942,-1
6943,0
6944,1
6945,0
6946,1
6947,1
6948,3
6949,1
6950,0
6951,2
6952,2
6953,-1
6954,4
6955,3
6956,3
6957,-1
6958,0
6959,3
6960,3
6961,3
6962,2
6963,1
6964,3
6965,2
6966,-1
6967,0
6968,2
6969,2
6970,1
6971,-1
6972,-1
6973,-1
6974,-1
6975,3
6976,1
6977,0
6978,3
6979,1
6980,3
6981,1
6982,2
6983,-1
6984,2
6985,0
6986,0
6987,2
6988,2
6989,3
6990,4
6991,3
6992,3
6993,4
6994,4
6995,-1
6996,1
6997,3
6998,2
6999,-1
7000,1
7001,0
7002,-1
7003,0
7004,0
7005,0
7006,-1
7007,4
7008,0
7009,1
7010,-1
7011,3
7012,0
7013,2
7014,4
7015,2
7016,-1
7017,-1
7018,4
7019,1
7020,2
7021,-1
7022,2
7023,3
7024,4
7025,3
7026,2
7027,-1
7028,2
7029,-1
7030,2
7031,0
7032,0
7033,1
7034,-1
7035,1
7036,3
7037,3
7038,1
7039,4
7040,2
7041,3
7042,1
7043,1
7044,3
7045,1
7046,2
7047,4
7048,2
7049,0
7050,-1
7051,4
7052,4
7053,-1
7054,1
7055,-1
7056,-1
7057,-1
7058,2
7059,0
7060,2
7061,2
7062,3
7063,0
7064,3
7065,3
7066,-1
7067,1
7068,2
7069,2
7070,-1
7071,4
7072,1
7073,3
7074,-1
7075,1
7076,4
7077,1
7078,1
7079,3
7080,4
7081,4
7082,-1
7083,4
7084,1
7085,1
7086,2
7087,3
7088,3
7089,3
7090,2
7091,-1
7092,0
7093,-1
7094,-1
7095,2
7096,4
7097,3
7098,2
7099,3
7100,1
7101,2
7102,-1
7103,3
7104,3
7105,4
7106,0
7107,-1
7108,0
7109,1
7110,1
7111,-1
7112,3
7113,4
7114,0
7115,-1
7116,3
7117,2
7118,-1
7119,-1
7120,2
7121,2
7122,2
7123,1
7124,0
7125,-1
7126,0
7127,3
7128,-1
7129,0
7130,0
7131,1
7132,0
7133,-1
7134,2
7135,-1
7136,1
7137,0
7138,3
7139,1
7140,0
7141,-1
7142,3
7143,4
7144,3
7145,2
7146,0
7147,3
7148,0
7149,-1
7150,3
7151,3
7152,3
7153,0
7154,1
7155,2
7156,1
7157,1
7158,4
7159,-1
7160,2
7161,-1
7162,-1
7163,4
7164,-1
7165,3
7166,2
7167,-1
7168,2
7169,-1
7170,-1
7171,-1
7172,0
7173,0
7174,2
7175,1
7176,0
7177,3
7178,1
7179,0
7180,3
7181,0
7182,1
7183,0
7184,1
7185,3
7186,0
7187,-1
7188,3
7189,3
7190,3
7191,2
7192,4
7193,2
7194,0
7195,0
7196,2
7197,0
7198,-1
7199,2
7200,0
7201,2
7202,-1
7203,-1
7204,0
7205,-1
7206,1
7207,4
7208,3
7209,-1
7210,3
7211,2
7212,1
7213,1
7214,4
7215,2
7216,-1
7217,1
7218,2
7219,1
7220,3
7221,1
7222,2
7223,0
7224,2
7225,0
7226,1
7227,-1
7228,2
7229,-1
7230,3
7231,-1
7232,2
7233,2
7234,2
7235,0
7236,2
7237,1
7238,3
7239,4
7240,2
7241,1
7242,-1
7243,1
7244,0
7245,3
7246,1
7247,0
7248,-1
7249,4
7250,-1
7251,-1
7252,0
7253,2
7254,4
7255,0
7256,-1
7257,1
7258,0
7259,-1
7260,2
7261,0
7262,-1
7263,-1
7264,4
7265,0
7266,3
7267,1
7268,1
7269,0
7270,4
7271,4
7272,3
7273,0
7274,0
7275,0
7276,2
7277,-1
7278,1
7279,1
7280,-1
7281,2
7282,1
7283,2
7284,3
7285,1
7286,3
7287,0
7288,4
7289,1
7290,-1
7291,3
7292,1
7293,0
7294,0
7295,-1
7296,-1
7297,1
7298,3
7299,2
7300,0
7301,1
7302,0
7303,2
7304,-1
7305,2
7306,0
7307,2
7308,1
7309,0
7310,-1
7311,-1
7312,3
7313,2
7314,-1
7315,-1
7316,0
7317,2
7318,0
7319,3
7320,0
7321,2
7322,2
7323,0
7324,3
7325,1
7326,2
7327,2
7328,1
7329,-1
7330,0
7331,2
7332,0
7333,0
7334,2
7335,1
7336,3
7337,4
7338,1
7339,1
7340,-1
7341,1
7342,3
7343,1
7344,1
7345,3
7346,-1
7347,3
7348,-1
7349,0
7350,-1
7351,0
7352,4
7353,-1
7354,2
7355,-1
7356,-1
7357,3
7358,3
7359,0
7360,0
7361,2
7362,2
7363,1
7364,0
7365,1
7366,1
7367,2
7368,3
7369,3
7370,3
7371,3
7372,3
7373,1
7374,0
7375,-1
7376,-1
7377,1
7378,3
7379,4
7380,-1
7381,1
7382,4
7383,0
7384,0
7385,1
7386,0
7387,0
7388,0
7389,0
7390,-1
7391,0
7392,0
7393,3
7394,2
7395,4
7396,0
7397,0
7398,-1
7399,0
7400,1
7401,1
7402,1
7403,-1
7404,4
7405,4
7406,2
7407,1
7408,2
7409,-1
7410,0
7411,0
7412,1
7413,2
7414,1
7415,0
7416,2
7417,-1
7418,2
7419,2
7420,1
7421,2
7422,4
7423,3
7424,-1
7425,3
7426,3
7427,-1
7428,4
7429,-1
7430,2
7431,3
7432,2
7433,3
7434,2
7435,-1
7436,4
7437,2
7438,2
7439,3
7440,3
7441,0
7442,2
7443,2
7444,-1
7445,-1
7446,2
7447,-1
7448,4
7449,0
7450,3
7451,-1
7452,-1
7453,3
7454,2
7455,-1
7456,1
7457,1
7458,4
7459,0
7460,1
7461,4
7462,0
7463,-1
7464,2
7465,1
7466,0
7467,0
7468,1
7469,-1
7470,0
7471,0
7472,3
7473,1
7474,3
7475,-1
7476,3
7477,3
7478,0
7479,1
7480,3
7481,1
7482,0
7483,0
7484,3
7485,2
7486,2
7487,-1
7488,-1
7489,0
7490,4
7491,2
7492,1
7493,1
7494,2
7495,4
7496,3
7497,-1
7498,0
7499,-1
7500,-1
7501,4
7502,1
7503,0
7504,3
7505,1
7506,0
7507,2
7508,4
7509,2
7510,3
7511,3
7512,0
7513,1
7514,3
7515,0
7516,-1
7517,4
7518,3
7519,3
7520,2
7521,1
7522,-1
7523,4
7524,4
7525,0
7526,4
7527,1
7528,0
7529,4
7530,0
7531,0
7532,-1
7533,-1
7534,2
7535,0
7536,1
7537,-1
7538,3
7539,2
7540,-1
7541,0
7542,0
7543,-1
7544,1
7545,2
7546,3
7547,2
7548,3
7549,1
7550,1
7551,2
7552,0
7553,0
7554,2
7555,-1
7556,0
7557,4
7558,0
7559,0
7560,4
7561,4
7562,-1
7563,3
7564,4
7565,-1
7566,0
7567,-1
7568,2
7569,3
7570,0
7571,-1
7572,4
7573,0
7574,-1
7575,-1
7576,1
7577,2
7578,0
7579,2
7580,0
7581,-1
7582,2
7583,-1
7584,1
7585,0
7586,2
7587,1
7588,0
7589,-1
7590,4
7591,3
7592,-1
7593,0
7594,4
7595,1
7596,2
7597,0
7598,0
7599,4
7600,2
7601,3
7602,0
7603,-1
7604,-1
7605,0
7606,0
7607,0
7608,2
7609,1
7610,4
7611,1
7612,0
7613,4
7614,1
7615,4
7616,3
7617,0
7618,-1
7619,3
7620,-1
7621,3
7622,3
7623,1
7624,0
7625,-1
7626,0
7627,1
7628,1
7629,3
7630,4
7631,-1
7632,1
7633,4
7634,1
7635,1
7636,2
7637,0
7638,3
7639,1
7640,4
7641,-1
7642,2
7643,0
7644,3
7645,0
7646,3
7647,4
7648,-1
7649,-1
7650,1
7651,-1
7652,-1
7653,0
7654,3
7655,1
7656,-1
7657,3
7658,4
7659,1
7660,-1
7661,-1
7662,1
7663,-1
7664,3
7665,4
7666,2
7667,4
7668,2
7669,0
7670,4
7671,3
7672,2
7673,4
7674,1
7675,0
7676,1
7677,3
7678,1
7679,2
7680,2
7681,-1
7682,1
7683,3
7684,4
7685,1
7686,1
7687,3
7688,2
7689,3
7690,0
7691,1
7692,-1
7693,2
7694,0
7695,0
7696,0
7697,2
7698,1
7699,4
7700,3
7701,2
7702,-1
7703,3
7704,-1
7705,-1
7706,3
7707,-1
7708,1
7709,4
7710,3
7711,3
7712,2
7713,1
7714,-1
7715,2
7716,1
7717,-1
7718,0
7719,-1
7720,0
7721,0
7722,2
7723,-1
7724,1
7725,-1
7726,0
7727,1
7728,4
7729,0
7730,0
7731,0
7732,0
7733,-1
7734,-1
7735,4
7736,0
7737,4
7738,1
7739,-1
7740,3
7741,1
7742,1
7743,4
7744,0
7745,3
7746,0
7747,2
7748,-1
7749,4
7750,2
7751,-1
7752,-1
7753,2
7754,0
7755,3
7756,-1
7757,0
7758,0
7759,2
7760,3
7761,1
7762,0
7763,1
7764,2
7765,3
7766,1
7767,1
7768,0
7769,-1
7770,2
7771,-1
7772,1
7773,4
7774,4
7775,2
7776,2
7777,2
7778,0
7779,-1
7780,0
7781,4
7782,1
7783,3
7784,1
7785,3
7786,1
7787,-1
7788,-1
7789,3
7790,4
7791,4
7792,-1
7793,4
7794,0
7795,2
7796,2
7797,2
7798,-1
7799,0
7800,3
7801,1
7802,0
7803,3
7804,-1
7805,4
7806,3
7807,1
7808,3
7809,4
7810,2
7811,1
7812,0
7813,-1
7814,3
7815,0
7816,-1
7817,2
7818,0
7819,2
7820,1
7821,2
7822,1
7823,2
7824,1
7825,3
7826,-1
7827,3
7828,-1
7829,0
7830,0
7831,4
7832,2
7833,2
7834,3
7835,4
7836,-1
7837,2
7838,-1
7839,2
7840,2
7841,2
7842,1
7843,0
7844,3
7845,0
7846,4
7847,3
7848,2
7849,0
7850,3
7851,0
7852,4
7853,0
7854,1
7855,-1
7856,2
7857,2
7858,2
7859,0
7860,0
7861,4
7862,4
7863,-1
7864,0
7865,2
7866,2
7867,-1
7868,1
7869,-1
7870,1
7871,3
7872,-1
7873,0
7874,2
7875,1
7876,2
7877,-1
7878,0
7879,2
7880,1
7881,1
7882,2
7883,1
7884,2
7885,-1
7886,2
7887,1
7888,-1
7889,2
7890,2
7891,2
7892,1
7893,2
7894,4
7895,1
7896,3
7897,1
7898,2
7899,2
7900,2
7901,3
7902,2
7903,-1
7904,-1
7905,-1
7906,-1
7907,2
7908,2
7909,4
7910,4
7911,0
7912,-1
7913,4
7914,2
7915,-1
7916,3
7917,3
7918,0
7919,2
7920,4
7921,-1
7922,-1
7923,2
7924,0
7925,3
7926,-1
7927,1
7928,-1
7929,0
7930,2
7931,2
7932,2
7933,2
7934,4
7935,-1
7936,2
7937,0
7938,3
7939,-1
7940,4
7941,0
7942,-1
7943,-1
7944,2
7945,4
7946,0
7947,-1
7948,3
7949,4
7950,0
7951,0
7952,4
7953,3
7954,1
7955,-1
7956,2
7957,1
7958,1
7959,2
7960,4
7961,0
7962,0
7963,1
7964,2
7965,3
7966,1
7967,3
7968,4
7969,2
7970,1
7971,0
7972,1
7973,1
7974,2
7975,-1
7976,-1
7977,-1
7978,2
7979,-1
7980,-1
7981,-1
7982,-1
7983,4
7984,0
7985,1
7986,4
7987,1
7988,1
7989,3
7990,1
7991,1
7992,3
7993,-1
7994,0
7995,-1
7996,1
7997,3
7998,2
7999,0
8000,0
8001,0
8002,-1
8003,2
8004,-1
8005,4
8006,3
8007,0
8008,4
8009,3
8010,-1
8011,3
8012,-1
8013,4
8014,3
8015,3
8016,4
8017,3
8018,2
8019,2
8020,0
8021,3
8022,2
8023,-1
8024,0
8025,1
8026,1
8027,-1
8028,4
8029,2
8030,2
8031,4
8032,2
8033,3
8034,1
8035,2
8036,-1
8037,3
8038,0
8039,-1
8040,2
8041,0
8042,0
8043,-1
8044,2
8045,4
8046,0
8047,2
8048,-1
8049,2
8050,0
8051,4
8052,4
8053,4
8054,-1
8055,0
8056,1
8057,3
8058,2
8059,-1
8060,0
8061,1
8062,4
8063,4
8064,4
8065,4
8066,0
8067,2
8068,3
8069,4
8070,2
8071,0
8072,1
8073,3
8074,3
8075,-1
8076,-1
8077,1
8078,1
8079,0
8080,0
8081,-1
8082,3
8083,2
8084,2
8085,-1
8086,3
8087,3
8088,0
8089,3
8090,1
8091,4
8092,2
8093,1
8094,4
8095,1
8096,3
8097,-1
8098,-1
8099,2
8100,0
8101,3
8102,0
8103,-1
8104,-1
8105,0
8106,-1
8107,-1
8108,0
8109,-1
8110,2
8111,2
8112,2
8113,3
8114,4
8115,1
8116,2
8117,-1
8118,4
8119,-1
8120,0
8121,3
8122,4
8123,4
8124,3
8125,2
8126,4
8127,2
8128,4
8129,-1
8130,0
8131,1
8132,4
8133,1
8134,-1
8135,-1
8136,2
8137,2
8138,1
8139,1
8140,4
8141,-1
8142,-1
8143,4
8144,0
8145,1
8146,1
8147,0
8148,-1
8149,4
8150,3
8151,3
8152,4
8153,3
8154,-1
8155,0
8156,1
8157,4
8158,0
8159,1
8160,2
8161,2
8162,3
8163,3
8164,-1
8165,0
8166,2
8167,1
8168,2
8169,4
8170,2
8171,-1
8172,3
8173,0
8174,-1
8175,4
8176,-1
8177,2
8178,3
8179,-1
8180,-1
8181,2
8182,3
8183,2
8184,-1
8185,1
8186,-1
8187,-1
8188,3
8189,0
8190,2
8191,2
8192,4
8193,1
8194,4
8195,4
8196,3
8197,-1
8198,0
8199,1
8200,2
8201,4
8202,1
8203,3
8204,2
8205,3
8206,0
8207,4
8208,1
8209,4
8210,4
8211,4
8212,-1
8213,4
8214,0
8215,3
8216,-1
8217,1
8218,2
8219,-1
8220,3
8221,-1
8222,4
8223,2
8224,-1
8225,3
8226,0
8227,-1
8228,4
8229,4
8230,1
8231,-1
8232,1
8233,1
8234,-1
8235,0
8236,0
8237,0
8238,1
8239,4
8240,2
8241,2
8242,-1
8243,0
8244,0
8245,3
8246,0
8247,1
8248,4
8249,-1
8250,2
8251,-1
8252,2
8253,1
8254,0
8255,-1
8256,1
8257,0
8258,-1
8259,2
8260,2
8261,3
8262,-1
8263,4
8264,2
8265,3
8266,2
8267,2
8268,2
8269,0
8270,1
8271,3
8272,4
8273,0
8274,2
8275,0
8276,3
8277,4
8278,4
8279,0
8280,3
8281,2
8282,-1
8283,1
8284,0
8285,0
8286,1
8287,0
8288,0
8289,0
8290,1
8291,-1
8292,-1
8293,4
8294,2
8295,3
8296,4
8297,-1
8298,2
8299,0
8300,1
8301,1
8302,4
8303,1
8304,3
8305,2
8306,3
8307,4
8308,3
8309,2
8310,2
8311,1
8312,2
8313,-1
8314,4
8315,2
8316,2
8317,1
8318,-1
8319,-1
8320,4
8321,-1
8322,2
8323,4
8324,1
8325,-1
8326,1
8327,2
8328,0
8329,-1
8330,1
8331,0
8332,1
8333,3
8334,2
8335,3
8336,3
8337,2
8338,3
8339,-1
8340,4
8341,1
8342,0
8343,0
8344,-1
8345,3
8346,0
8347,1
8348,-1
8349,0
8350,-1
8351,0
8352,-1
8353,1
8354,-1
8355,2
8356,4
8357,-1
8358,1
8359,2
8360,3
8361,-1
8362,2
8363,2
8364,1
8365,3
8366,0
8367,1
8368,-1
8369,4
8370,1
8371,0
8372,3
8373,1
8374,1
8375,-1
8376,4
8377,-1
8378,2
8379,3
8380,3
8381,0
8382,0
8383,3
8384,0
8385,3
8386,4
8387,2
8388,1
8389,3
8390,0
8391,2
8392,2
8393,-1
8394,2
8395,0
8396,-1
8397,3
8398,0
8399,0
8400,4
8401,-1
8402,0
8403,2
8404,-1
8405,3
8406,-1
8407,-1
8408,1
8409,3
8410,-1
8411,0
8412,2
8413,-1
8414,4
8415,4
8416,3
8417,2
8418,-1
8419,2
8420,1
8421,2
8422,0
8423,1
8424,3
8425,1
8426,1
8427,1
8428,-1
8429,2
8430,0
8431,2
8432,4
8433,1
8434,-1
8435,3
8436,1
8437,4
8438,3
8439,1
8440,4
8441,4
8442,1
8443,0
8444,1
8445,4
8446,3
8447,2
8448,3
8449,1
8450,0
8451,-1
8452,0
8453,1
8454,3
8455,0
8456,0
8457,0
8458,1
8459,3
8460,2
8461,0
8462,3
8463,1
8464,3
8465,0
8466,-1
8467,-1
8468,0
8469,1
8470,0
8471,1
8472,-1
8473,0
8474,-1
8475,2
8476,2
8477,2
8478,1
8479,2
8480,1
8481,1
8482,1
8483,2
8484,0
8485,3
8486,2
8487,0
8488,0
8489,1
8490,-1
8491,4
8492,-1
8493,2
8494,2
8495,-1
8496,1
8497,4
8498,3
8499,3
8500,-1
8501,1
8502,3
8503,3
8504,2
8505,-1
8506,2
8507,0
8508,-1
8509,4
8510,-1
8511,-1
8512,-1
8513,-1
8514,1
8515,0
8516,4
8517,1
8518,3
8519,1
8520,2
8521,2
8522,-1
8523,3
8524,2
8525,1
8526,-1
8527,3
8528,-1
8529,3
8530,0
8531,0
8532,0
8533,3
8534,1
8535,1
8536,0
8537,3
8538,1
8539,3
8540,2
8541,0
8542,2
8543,1
8544,0
8545,-1
8546,4
8547,4
8548,0
8549,0
8550,-1
8551,-1
8552,4
8553,2
8554,-1
8555,2
8556,-1
8557,0
8558,3
8559,4
8560,-1
8561,1
8562,0
8563,-1
8564,1
8565,0
8566,1
8567,1
8568,-1
8569,-1
8570,0
8571,2
8572,3
8573,2
8574,0
8575,4
8576,4
8577,-1
8578,1
8579,2
8580,1
8581,4
8582,1
8583,2
8584,2
8585,4
8586,2
8587,0
8588,2
8589,4
8590,2
8591,2
8592,1
8593,-1
8594,-1
8595,2
8596,0
8597,-1
8598,0
8599,-1
8600,0
8601,1
8602,3
8603,-1
8604,3
8605,2
8606,3
8607,1
8608,2
8609,4
8610,0
8611,-1
8612,-1
8613,1
8614,-1
8615,2
8616,3
8617,3
8618,1
8619,-1
8620,2
8621,0
8622,-1
8623,2
8624,2
8625,3
8626,4
8627,-1
8628,-1
8629,-1
8630,0
8631,-1
8632,-1
8633,2
8634,3
8635,1
8636,4
8637,3
8638,-1
8639,2
8640,1
8641,2
8642,-1
8643,1
8644,2
8645,4
8646,2
8647,2
8648,3
8649,1
8650,2
8651,0
8652,2
8653,3
8654,4
8655,-1
8656,-1
8657,2
8658,3
8659,1
8660,0
8661,2
8662,3
8663,4
8664,0
8665,0
8666,0
8667,4
8668,1
8669,-1
8670,2
8671,-1
8672,-1
8673,-1
8674,4
8675,-1
8676,1
8677,4
8678,4
8679,3
8680,1
8681,-1
8682,-1
8683,3
8684,1
8685,1
8686,2
8687,1
8688,-1
8689,2
8690,2
8691,-1
8692,2
8693,2
8694,0
8695,0
8696,3
8697,4
8698,2
8699,4
8700,0
8701,-1
8702,0
8703,4
8704,3
8705,2
8706,2
8707,4
8708,0
8709,0
8710,3
8711,0
8712,0
8713,3
8714,1
8715,1
8716,0
8717,-1
8718,1
8719,2
8720,-1
8721,0
8722,1
8723,3
8724,3
8725,0
8726,-1
8727,-1
8728,0
8729,0
8730,4
8731,-1
8732,-1
8733,0
8734,-1
8735,1
8736,4
8737,0
8738,2
8739,0
8740,2
8741,3
8742,4
8743,3
8744,3
8745,0
8746,3
8747,1
8748,3
8749,1
8750,1
8751,3
8752,3
8753,4
8754,-1
8755,0
8756,4
8757,0
8758,0
8759,4
8760,-1
8761,-1
8762,0
8763,2
8764,2
8765,-1
8766,4
8767,2
8768,0
8769,4
8770,1
8771,0
8772,-1
8773,2
8774,3
8775,-1
8776,4
8777,1
8778,2
8779,0
8780,1
8781,0
8782,1
8783,3
8784,2
8785,0
8786,4
8787,2
8788,2
8789,0
8790,-1
8791,4
8792,3
8793,-1
8794,0
8795,1
8796,0
8797,0
8798,4
8799,-1
8800,2
8801,-1
8802,1
8803,-1
8804,3
8805,2
8806,0
8807,4
8808,1
8809,3
8810,0
8811,1
8812,-1
8813,-1
8814,2
8815,2
8816,1
8817,3
8818,3
8819,1
8820,2
8821,0
8822,4
8823,0
8824,2
8825,3
8826,0
8827,3
8828,4
8829,1
8830,3
8831,2
8832,-1
8833,1
8834,0
8835,0
8836,3
8837,3
8838,2
8839,1
8840,1
8841,0
8842,0
8843,1
8844,0
8845,1
8846,0
8847,-1
8848,4
8849,2
8850,1
8851,3
8852,2
8853,4
8854,-1
8855,2
8856,2
8857,0
8858,-1
8859,4
8860,4
8861,2
8862,2
8863,2
8864,0
8865,0
8866,2
8867,-1
8868,1
8869,0
8870,0
8871,0
8872,0
8873,2
8874,1
8875,0
8876,2
8877,2
8878,2
8879,0
8880,1
8881,4
8882,4
8883,4
8884,0
8885,-1
8886,4
8887,1
8888,0
8889,4
8890,0
8891,-1
8892,4
8893,4
8894,0
8895,2
8896,0
8897,4
8898,2
8899,2
8900,-1
8901,4
8902,-1
8903,1
8904,0
8905,4
8906,3
8907,2
8908,1
8909,2
8910,0
8911,0
8912,1
8913,-1
8914,2
8915,3
8916,0
8917,0
8918,2
8919,-1
8920,1
8921,3
8922,0
8923,0
8924,0
8925,1
8926,0
8927,-1
8928,0
8929,4
8930,-1
8931,3
8932,1
8933,2
8934,2
8935,-1
8936,2
8937,-1
8938,3
8939,2
8940,0
8941,1
8942,2
8943,2
8944,4
8945,2
8946,4
8947,3
8948,1
8949,3
8950,2
8951,-1
8952,0
8953,0
8954,-1
8955,0
8956,2
8957,3
8958,-1
8959,-1
8960,-1
8961,1
8962,4
8963,4
8964,0
8965,1
8966,4
8967,0
8968,3
8969,2
8970,2
8971,1
8972,2
8973,3
8974,1
8975,3
8976,4
8977,0
8978,1
8979,4
8980,1
8981,4
8982,0
8983,2
8984,2
8985,0
8986,-1
8987,0
8988,-1
8989,1
8990,2
8991,4
8992,3
8993,-1
8994,-1
8995,0
8996,3
8997,-1
8998,1
8999,2
9000,3
9001,4
9002,2
9003,3
9004,1
9005,-1
9006,-1
9007,4
9008,3
9009,1
9010,3
9011,-1
9012,1
9013,3
9014,1
9015,0
9016,4
9017,1
9018,4
9019,1
9020,1
9021,-1
9022,3
9023,2
9024,-1
9025,-1
9026,2
9027,4
9028,1
9029,0
9030,3
9031,0
9032,-1
9033,-1
9034,4
9035,-1
9036,1
9037,-1
9038,3
9039,3
9040,-1
9041,1
9042,0
9043,-1
9044,2
9045,4
9046,3
9047,3
9048,0
9049,1
9050,2
9051,-1
9052,2
9053,1
9054,4
9055,2
9056,-1
9057,0
9058,1
9059,1
9060,3
9061,2
9062,3
9063,2
9064,1
9065,0
9066,4
9067,3
9068,-1
9069,-1
9070,0
9071,0
9072,3
9073,0
9074,1
9075,3
9076,-1
9077,0
9078,1
9079,2
9080,3
9081,2
9082,-1
9083,1
9084,3
9085,-1
9086,3
9087,1
9088,2
9089,2
9090,1
9091,3
9092,1
9093,4
9094,2
9095,0
9096,0
9097,-1
9098,-1
9099,1
9100,2
9101,2
9102,0
9103,-1
9104,3
9105,3
9106,1
9107,1
9108,1
9109,2
9110,2
9111,3
9112,0
9113,1
9114,4
9115,1
9116,1
9117,3
9118,4
9119,0
9120,0
9121,2
9122,4
9123,4
9124,3
9125,1
9126,1
9127,0
9128,-1
9129,2
9130,0
9131,0
9132,0
9133,0
9134,1
9135,1
9136,1
9137,4
9138,-1
9139,4
9140,2
9141,1
9142,3
9143,-1
9144,0
9145,-1
9146,0
9147,0
9148,0
9149,3
9150,1
9151,1
9152,4
9153,-1
9154,2
9155,3
9156,3
9157,0
9158,4
9159,1
9160,3
9161,-1
9162,-1
9163,1
9164,-1
9165,-1
9166,3
9167,3
9168,3
9169,4
9170,1
9171,-1
9172,1
9173,3
9174,0
9175,0
9176,2
9177,-1
9178,0
9179,2
9180,2
9181,-1
9182,-1
9183,2
9184,3
9185,1
9186,3
9187,3
9188,4
9189,3
9190,3
9191,0
9192,3
9193,-1
9194,2
9195,-1
9196,1
9197,1
9198,4
9199,-1
9200,0
9201,1
9202,2
9203,0
9204,0
9205,1
9206,-1
9207,1
9208,0
9209,0
9210,1
9211,1
9212,0
9213,1
9214,-1
9215,4
9216,-1
9217,1
9218,-1
9219,4
9220,2
9221,-1
9222,-1
9223,0
9224,1
9225,-1
9226,4
9227,3
9228,2
9229,4
9230,1
9231,3
9232,4
9233,3
9234,-1
9235,0
9236,-1
9237,4
9238,2
9239,2
9240,0
9241,1
9242,3
9243,4
9244,-1
9245,0
9246,4
9247,2
9248,-1
9249,4
9250,-1
9251,0
9252,3
9253,3
9254,2
9255,4
9256,3
9257,3
9258,1
9259,1
9260,-1
9261,0
9262,0
9263,3
9264,1
9265,1
9266,1
9267,0
9268,2
9269,4
9270,0
9271,1
9272,0
9273,0
9274,2
9275,0
9276,0
9277,0
9278,4
9279,0
9280,1
9281,2
9282,-1
9283,1
9284,2
9285,2
9286,-1
9287,-1
9288,3
9289,0
9290,0
9291,1
9292,-1
9293,4
9294,-1
9295,0
9296,-1
9297,4
9298,4
9299,-1
9300,0
9301,0
9302,0
9303,0
9304,3
9305,0
9306,-1
9307,-1
9308,-1
9309,2
9310,4
9311,0
9312,3
9313,0
9314,4
9315,3
9316,3
9317,2
9318,0
9319,-1
9320,0
9321,1
9322,0
9323,2
9324,2
9325,0
9326,2
9327,1
9328,0
9329,4
9330,-1
9331,3
9332,1
9333,2
9334,1
9335,4
9336,0
9337,1
9338,3
9339,1
9340,-1
9341,-1
9342,2
9343,1
9344,4
9345,1
9346,0
9347,1
9348,0
9349,-1
9350,-1
9351,0
9352,3
9353,0
9354,1
9355,0
9356,-1
9357,3
9358,1
9359,-1
9360,-1
9361,1
9362,3
9363,-1
9364,-1
9365,4
9366,3
9367,2
9368,0
9369,-1
9370,1
9371,4
9372,-1
9373,-1
9374,-1
9375,3
9376,0
9377,3
9378,3
9379,1
9380,0
9381,2
9382,3
9383,4
9384,1
9385,-1
9386,2
9387,0
9388,4
9389,0
9390,-1
9391,2
9392,2
9393,-1
9394,1
9395,-1
9396,1
9397,0
9398,4
9399,3
9400,0
9401,1
9402,3
9403,1
9404,0
9405,2
9406,2
9407,3
9408,1
9409,1
9410,3
9411,0
9412,3
9413,1
9414,-1
9415,0
9416,3
9417,1
9418,0
9419,-1
9420,4
9421,1
9422,2
9423,2
9424,0
9425,3
9426,0
9427,0
9428,4
9429,4
9430,-1
9431,-1
9432,-1
9433,1
9434,0
9435,4
9436,0
9437,-1
9438,2
9439,2
9440,0
9441,1
9442,1
9443,0
9444,0
9445,0
9446,0
9447,0
9448,2
9449,0
9450,0
9451,1
9452,-1
9453,1
9454,2
9455,2
9456,2
9457,2
9458,2
9459,3
9460,2
9461,0
9462,4
9463,-1
9464,0
9465,4
9466,0
9467,-1
9468,3
9469,3
9470,3
9471,4
9472,1
9473,1
9474,1
9475,4
9476,0
9477,4
9478,1
9479,-1
9480,-1
9481,-1
9482,-1
9483,1
9484,2
9485,3
9486,-1
9487,-1
9488,0
9489,-1
9490,1
9491,1
9492,2
9493,3
9494,2
9495,3
9496,2
9497,1
9498,0
9499,1
9500,-1
9501,3
9502,-1
9503,4
9504,3
9505,-1
9506,2
9507,2
9508,1
9509,2
9510,0
9511,2
9512,-1
9513,0
9514,1
9515,2
9516,2
9517,0
9518,4
9519,-1
9520,1
9521,4
9522,1
9523,0
9524,4
9525,1
9526,2
9527,1
9528,4
9529,2
9530,-1
9531,1
9532,-1
9533,0
9534,2
9535,-1
9536,3
9537,4
9538,4
9539,2
9540,-1
9541,1
9542,1
9543,-1
9544,2
9545,-1
9546,0
9547,-1
9548,1
9549,0
9550,0
9551,3
9552,1
9553,3
9554,0
9555,4
9556,1
9557,0
9558,2
9559,-1
9560,1
9561,-1
9562,4
9563,-1
9564,2
9565,1
9566,-1
9567,2
9568,-1
9569,1
9570,3
9571,0
9572,-1
9573,-1
9574,1
9575,1
9576,2
9577,1
9578,-1
9579,3
9580,-1
9581,2
9582,0
9583,2
9584,1
9585,1
9586,3
9587,0
9588,2
9589,3
9590,3
9591,0
9592,2
9593,3
9594,4
9595,1
9596,2
9597,1
9598,0
9599,3
9600,-1
9601,-1
9602,3
9603,0
9604,0
9605,3
9606,0
9607,-1
9608,1
9609,3
9610,2
9611,1
9612,3
9613,2
9614,1
9615,3
9616,-1
9617,3
9618,3
9619,3
9620,2
9621,-1
9622,4
9623,-1
9624,3
9625,0
9626,2
9627,4
9628,-1
9629,2
9630,4
9631,0
9632,3
9633,1
9634,0
9635,0
9636,1
9637,-1
9638,3
9639,-1
9640,3
9641,0
9642,1
9643,3
9644,-1
9645,-1
9646,2
9647,-1
9648,3
9649,-1
9650,-1
9651,4
9652,-1
9653,2
9654,4
9655,1
9656,0
9657,2
9658,2
9659,2
9660,2
9661,1
9662,0
9663,-1
9664,1
9665,-1
9666,-1
9667,0
9668,-1
9669,-1
9670,-1
9671,0
9672,2
9673,4
9674,4
9675,3
9676,0
9677,-1
9678,-1
9679,-1
9680,1
9681,-1
9682,2
9683,0
9684,2
9685,0
9686,1
9687,4
9688,0
9689,1
9690,2
9691,-1
9692,3
9693,2
9694,0
9695,2
9696,2
9697,-1
9698,-1
9699,1
9700,-1
9701,-1
9702,0
9703,2
9704,-1
9705,1
9706,3
9707,2
9708,2
9709,-1
9710,3
9711,1
9712,1
9713,1
9714,1
9715,-1
9716,2
9717,4
9718,0
9719,-1
9720,0
9721,-1
9722,3
9723,0
9724,3
9725,-1
9726,1
9727,3
9728,-1
9729,0
9730,3
9731,2
9732,1
9733,4
9734,3
9735,4
9736,1
9737,0
9738,0
9739,3
9740,0
9741,1
9742,0
9743,3
9744,1
9745,-1
9746,2
9747,2
9748,-1
9749,-1
9750,0
9751,-1
9752,3
9753,2
9754,-1
9755,-1
9756,-1
9757,0
9758,4
9759,0
9760,0
9761,1
9762,2
9763,3
9764,0
9765,-1
9766,1
9767,4
9768,3
9769,2
9770,0
9771,4
9772,2
9773,-1
9774,4
9775,3
9776,-1
9777,0
9778,-1
9779,-1
9780,2
9781,2
9782,1
9783,2
9784,0
9785,4
9786,4
9787,-1
9788,0
9789,1
9790,2
9791,-1
9792,0
9793,0
9794,3
9795,3
9796,4
9797,-1
9798,4
9799,1
9800,-1
9801,0
9802,0
9803,1
9804,2
9805,0
9806,0
9807,3
9808,-1
9809,-1
9810,2
9811,1
9812,1
9813,3
9814,0
9815,4
9816,-1
9817,-1
9818,0
9819,1
9820,4
9821,-1
9822,1
9823,1
9824,4
9825,4
9826,4
9827,3
9828,2
9829,0
9830,2
9831,1
9832,1
9833,2
9834,0
9835,-1
9836,0
9837,-1
9838,1
9839,0
9840,2
9841,4
9842,2
9843,2
9844,-1
9845,1
9846,2
9847,1
9848,3
9849,-1
9850,1
9851,4
9852,1
9853,3
9854,1
9855,-1
9856,3
9857,-1
9858,-1
9859,-1
9860,-1
9861,4
9862,3
9863,0
9864,2
9865,2
9866,2
9867,3
9868,1
9869,0
9870,0
9871,2
9872,0
9873,0
9874,3
9875,4
9876,-1
9877,1
9878,0
9879,1
9880,-1
9881,1
9882,4
9883,-1
9884,0
9885,3
9886,3
9887,1
9888,-1
9889,-1
9890,-1
9891,-1
9892,2
9893,3
9894,0
9895,2
9896,0
9897,0
9898,0
9899,0
9900,0
9901,4
9902,4
9903,0
9904,3
9905,-1
9906,1
9907,2
9908,2
9909,0
9910,4
9911,2
9912,1
9913,-1
9914,-1
9915,-1
9916,-1
9917,0
9918,4
9919,4
9920,2
9921,3
9922,0
9923,4
9924,-1
9925,1
9926,1
9927,1
9928,3
9929,-1
9930,0
9931,-1
9932,1
9933,1
9934,0
9935,4
9936,-1
9937,0
9938,2
9939,-1
9940,4
9941,0
9942,3
9943,3
9944,1
9945,0
9946,2
9947,1
9948,2
9949,2
9950,3
9951,-1
9952,1
9953,0
9954,2
9955,2
9956,2
9957,3
9958,2
9959,0
9960,1
9961,-1
9962,-1
9963,4
9964,0
9965,4
9966,1
9967,1
9968,0
9969,2
9970,1
9971,0
9972,-1
9973,1
9974,0
9975,3
9976,2
9977,0
9978,2
9979,-1
9980,1
9981,-1
9982,-1
9983,3
9984,0
9985,1
9986,-1
9987,2
9988,-1
9989,0
9990,1
9991,2
9992,0
9993,-1
9994,2
9995,0
9996,0
9997,0
9998,4
9999,1
10000,4
10001,3
10002,-1
10003,2
10004,3
10005,4
10006,2
10007,3
10008,1
10009,3
10010,-1
10011,2
10012,4
10013,1
10014,0
10015,0
10016,-1
10017,0
10018,4
10019,0
10020,3
10021,2
10022,-1
10023,2
10024,0
10025,2
10026,1
10027,-1
10028,1
10029,2
10030,2
10031,-1
10032,-1
10033,0
10034,-1
10035,3
10036,2
10037,0
10038,-1
10039,3
10040,2
10041,-1
10042,2
10043,-1
10044,0
10045,-1
10046,-1
10047,-1
10048,1
10049,2
10050,0
10051,0
10052,0
10053,2
10054,1
10055,3
10056,-1
10057,4
10058,-1
10059,0
10060,0
10061,-1
10062,2
10063,-1
10064,2
10065,3
10066,0
10067,1
10068,-1
10069,1
10070,-1
10071,3
10072,4
10073,2
10074,-1
10075,0
10076,4
10077,1
10078,3
10079,0
10080,2
10081,1
10082,4
10083,4
10084,1
10085,4
10086,-1
10087,4
10088,-1
10089,0
10090,2
10091,3
10092,0
10093,-1
10094,3
10095,-1
10096,2
10097,0
10098,2
10099,0
10100,1
10101,2
10102,0
10103,4
10104,2
10105,2
10106,3
10107,-1
10108,3
10109,2
10110,-1
10111,-1
10112,2
10113,1
10114,-1
10115,0
10116,-1
10117,2
10118,2
10119,0
10120,4
10121,3
10122,0
10123,3
10124,-1
10125,-1
10126,2
10127,4
10128,2
10129,1
10130,4
10131,0
10132,1
10133,1
10134,-1
10135,1
10136,-1
10137,0
10138,2
10139,2
10140,4
10141,-1
10142,1
10143,-1
10144,0
10145,2
10146,-1
10147,-1
10148,-1
10149,3
10150,1
10151,1
10152,0
10153,4
10154,0
10155,2
10156,1
10157,1
10158,2
10159,3
10160,1
10161,2
10162,2
10163,3
10164,-1
10165,0
10166,3
10167,-1
10168,1
10169,-1
10170,0
10171,4
10172,2
10173,2
10174,-1
10175,-1
10176,2
10177,0
10178,0
10179,2
10180,4
10181,4
10182,-1
10183,1
10184,2
10185,-1
10186,2
10187,0
10188,0
10189,4
10190,4
10191,4
10192,3
10193,3
10194,2
10195,-1
10196,4
10197,0
10198,2
10199,0
10200,-1
10201,3
10202,0
10203,4
10204,4
10205,1
10206,2
10207,0
10208,2
10209,2
10210,-1
10211,2
10212,4
10213,0
10214,0
10215,0
10216,0
10217,0
10218,-1
10219,0
10220,-1
10221,2
10222,-1
10223,0
10224,3
10225,0
10226,-1
10227,4
10228,-1
10229,0
10230,1
10231,-1
10232,2
10233,-1
10234,0
10235,1
10236,-1
10237,0
10238,3
10239,2
10240,-1
10241,2
10242,-1
10243,2
10244,2
10245,4
10246,1
10247,3
10248,0
10249,3
10250,3
10251,2
10252,4
10253,3
10254,1
10255,3
10256,-1
10257,-1
10258,-1
10259,2
10260,1
10261,-1
10262,1
10263,4
10264,2
10265,0
10266,3
10267,0
10268,-1
10269,3
10270,0
10271,0
10272,1
10273,4
10274,2
10275,3
10276,1
10277,-1
10278,1
10279,2
10280,3
10281,0
10282,2
10283,0
10284,4
10285,4
10286,2
10287,0
10288,4
10289,4
10290,-1
10291,3
10292,4
10293,1
10294,0
10295,2
10296,2
10297,-1
10298,2
10299,3
10300,3
10301,-1
10302,3
10303,0
10304,2
10305,1
10306,3
10307,-1
10308,1
10309,2
10310,1
10311,1
10312,1
10313,2
10314,4
10315,0
10316,1
10317,1
10318,2
10319,4
10320,1
10321,4
10322,4
10323,4
10324,3
10325,-1
10326,-1
10327,4
10328,1
10329,4
10330,1
10331,2
10332,1
10333,0
10334,4
10335,2
10336,2
10337,4
10338,2
10339,3
10340,0
10341,4
10342,2
10343,0
10344,0
10345,-1
10346,-1
10347,0
10348,-1
10349,2
10350,4
10351,2
10352,0
10353,4
10354,2
10355,2
10356,-1
10357,4
10358,2
10359,-1
10360,4
10361,4
10362,2
10363,4
10364,3
10365,2
10366,0
10367,1
10368,0
10369,1
10370,4
10371,4
10372,1
10373,1
10374,0
10375,4
10376,4
10377,2
10378,3
10379,0
10380,3
10381,-1
10382,3
10383,0
10384,-1
10385,1
10386,-1
10387,4
10388,2
10389,0
10390,3
10391,-1
10392,0
10393,1
10394,0
10395,3
10396,0
10397,3
10398,1
10399,1
10400,2
10401,3
10402,-1
10403,3
10404,1
10405,3
10406,0
10407,3
10408,3
10409,4
10410,-1
10411,2
10412,0
10413,3
10414,0
10415,4
10416,3
10417,0
10418,2
10419,1
10420,3
10421,3
10422,4
10423,4
10424,4
10425,2
10426,-1
10427,2
10428,2
10429,4
10430,0
10431,2
10432,0
10433,0
10434,4
10435,2
10436,0
10437,0
10438,0
10439,-1
10440,-1
10441,2
10442,0
10443,1
10444,2
10445,3
10446,-1
10447,2
10448,2
10449,-1
10450,3
10451,1
10452,-1
10453,3
10454,1
10455,0
10456,-1
10457,2
10458,-1
10459,2
10460,-1
10461,0
10462,0
10463,2
10464,2
10465,3
10466,0
10467,-1
10468,3
10469,-1
10470,0
10471,2
10472,3
10473,-1
10474,-1
10475,2
10476,0
10477,-1
10478,-1
10479,4
10480,3
10481,1
10482,2
10483,0
10484,-1
10485,3
10486,0
10487,-1
10488,2
10489,0
10490,-1
10491,2
10492,1
10493,0
10494,0
10495,0
10496,4
10497,-1
10498,2
10499,4
10500,-1
10501,2
10502,2
10503,0
10504,0
10505,2
10506,2
10507,1
10508,4
10509,2
10510,1
10511,1
10512,2
10513,1
10514,3
10515,0
10516,-1
10517,1
10518,-1
10519,3
10520,2
10521,0
10522,0
10523,4
10524,2
10525,-1
10526,-1
10527,3
10528,2
10529,1
10530,2
10531,-1
10532,1
10533,1
10534,3
10535,4
10536,-1
10537,3
10538,0
10539,-1
10540,3
10541,-1
10542,2
10543,0
10544,0
10545,4
10546,1
10547,1
10548,-1
10549,0
10550,-1
10551,0
10552,4
10553,-1
10554,4
10555,0
10556,3
10557,1
10558,2
10559,-1
10560,3
10561,2
10562,-1
10563,1
10564,3
10565,-1
10566,0
10567,4
10568,3
10569,2
10570,0
10571,-1
10572,-1
10573,3
10574,0
10575,3
10576,-1
10577,-1
10578,2
10579,1
10580,2
10581,4
10582,2
10583,1
10584,3
10585,-1
10586,0
10587,1
10588,0
10589,4
10590,0
10591,2
10592,-1
10593,4
10594,3
10595,1
10596,2
10597,1
10598,-1
10599,3
10600,1
10601,0
10602,1
10603,4
10604,2
10605,3
10606,1
10607,0
10608,0
10609,0
10610,0
10611,2
10612,0
10613,3
10614,2
10615,2
10616,0
10617,4
10618,4
10619,-1
10620,4
10621,-1
10622,3
10623,0
10624,2
10625,0
10626,-1
10627,0
10628,1
10629,3
10630,1
10631,2
10632,2
10633,-1
10634,4
10635,2
10636,0
10637,0
10638,4
10639,1
10640,2
10641,2
10642,-1
10643,-1
10644,2
10645,0
10646,2
10647,-1
10648,4
10649,2
10650,0
10651,2
10652,0
10653,4
10654,-1
10655,3
10656,-1
10657,2
10658,2
10659,-1
10660,2
10661,3
10662,-1
10663,-1
10664,-1
10665,0
10666,1
10667,2
10668,1
10669,2
10670,3
10671,2
10672,1
10673,1
10674,3
10675,-1
10676,-1
10677,2
10678,0
10679,2
10680,3
10681,1
10682,4
10683,2
10684,2
10685,2
10686,0
10687,2
10688,2
10689,4
10690,0
10691,0
10692,3
10693,0
10694,4
10695,1
10696,-1
10697,2
10698,-1
10699,-1
10700,2
10701,-1
10702,2
10703,1
10704,-1
10705,0
10706,3
10707,3
10708,4
10709,1
10710,3
10711,2
10712,1
10713,4
10714,0
10715,1
10716,1
10717,0
10718,2
10719,1
10720,0
10721,-1
10722,0
10723,-1
10724,1
10725,1
10726,0
10727,2
10728,0
10729,1
10730,4
10731,2
10732,-1
10733,3
10734,4
10735,0
10736,-1
10737,2
10738,2
10739,0
10740,2
10741,3
10742,0
10743,2
10744,4
10745,0
10746,4
10747,-1
10748,0
10749,-1
10750,2
10751,3
10752,-1
10753,1
10754,2
10755,-1
10756,3
10757,1
10758,-1
10759,-1
10760,2
10761,0
10762,4
10763,-1
10764,1
10765,2
10766,-1
10767,0
10768,1
10769,4
10770,-1
10771,0
10772,-1
10773,4
10774,0
10775,1
10776,3
10777,0
10778,1
10779,0
10780,1
10781,2
10782,2
10783,-1
10784,0
10785,1
10786,2
10787,3
10788,1
10789,2
10790,0
10791,1
10792,3
10793,1
10794,0
10795,0
10796,2
10797,-1
10798,2
10799,0
10800,-1
10801,-1
10802,2
10803,2
10804,4
10805,0
10806,0
10807,1
10808,1
10809,1
10810,-1
10811,2
10812,-1
10813,2
10814,1
10815,1
10816,0
10817,0
10818,1
10819,1
10820,-1
10821,3
10822,-1
10823,-1
10824,2
10825,3
10826,4
10827,2
10828,2
10829,2
10830,4
10831,0
10832,4
10833,2
10834,3
10835,4
10836,1
10837,1
10838,-1
10839,0
10840,4
10841,4
10842,1
10843,-1
10844,3
10845,3
10846,0
10847,0
10848,1
10849,1
10850,-1
10851,2
10852,-1
10853,2
10854,1
10855,1
10856,4
10857,-1
10858,2
10859,4
10860,0
10861,0
10862,3
10863,0
10864,0
10865,0
10866,2
10867,-1
10868,-1
10869,0
10870,2
10871,0
10872,3
10873,0
10874,4
10875,0
10876,-1
10877,-1
10878,1
10879,-1
10880,3
10881,-1
10882,2
10883,4
10884,-1
10885,4
10886,3
10887,-1
10888,2
10889,3
10890,0
10891,3
10892,1
10893,3
10894,1
10895,1
10896,1
10897,0
10898,4
10899,1
10900,2
10901,1
10902,3
10903,0
10904,2
10905,0
10906,1
10907,0
10908,4
10909,2
10910,1
10911,1
10912,2
10913,3
10914,3
10915,3
10916,0
10917,3
10918,3
10919,2
10920,1
10921,-1
10922,3
10923,-1
10924,-1
10925,3
10926,3
10927,1
10928,0
10929,-1
10930,3
10931,-1
10932,2
10933,0
10934,2
10935,1
10936,4
10937,4
10938,2
10939,1
10940,1
10941,2
10942,-1
10943,0
10944,2
10945,4
10946,-1
10947,1
10948,-1
10949,3
10950,1
10951,2
10952,2
10953,1
10954,3
10955,1
10956,1
10957,0
10958,2
10959,-1
10960,-1
10961,3
10962,3
10963,0
10964,3
10965,0
10966,-1
10967,-1
10968,0
10969,2
10970,-1
10971,3
10972,3
10973,1
10974,0
10975,1
10976,0
10977,0
10978,4
10979,3
10980,3
10981,3
10982,3
10983,4
10984,4
10985,2
10986,-1
10987,0
10988,3
10989,0
10990,0
10991,1
10992,0
10993,4
10994,4
10995,-1
10996,0
10997,1
10998,3
10999,4
11000,2
11001,-1
11002,3
11003,4
11004,-1
11005,4
11006,2
11007,4
11008,3
11009,3
11010,0
11011,3
11012,3
11013,4
11014,0
11015,4
11016,4
11017,2
11018,3
11019,2
11020,-1
11021,0
11022,-1
11023,1
11024,1
11025,3
11026,2
11027,2
11028,4
11029,0
11030,-1
11031,-1
11032,0
11033,2
11034,-1
11035,4
11036,2
11037,1
11038,0
11039,4
11040,-1
11041,2
11042,2
11043,1
11044,1
11045,4
11046,3
11047,3
11048,-1
11049,2
11050,3
11051,1
11052,4
11053,2
11054,4
11055,2
11056,0
11057,-1
11058,2
11059,-1
11060,1
11061,1
11062,4
11063,-1
11064,2
11065,2
11066,2
11067,0
11068,4
11069,0
11070,-1
11071,2
11072,1
11073,4
11074,2
11075,2
11076,2
11077,-1
11078,2
11079,-1
11080,-1
11081,4
11082,0
11083,4
11084,0
11085,0
11086,3
11087,2
11088,-1
11089,3
11090,0
11091,0
11092,3
11093,1
11094,4
11095,-1
11096,3
11097,-1
11098,-1
11099,3
11100,1
11101,-1
11102,0
11103,2
11104,1
11105,2
11106,2
11107,2
11108,4
11109,-1
11110,1
11111,3
11112,2
11113,2
11114,2
11115,-1
11116,0
11117,1
11118,-1
11119,0
11120,1
11121,0
11122,-1
11123,3
11124,3
11125,-1
11126,3
11127,1
11128,4
11129,3
11130,1
11131,2
11132,0
11133,1
11134,1
11135,2
11136,4
11137,-1
11138,0
11139,2
11140,0
11141,4
11142,-1
11143,0
11144,1
11145,-1
11146,1
11147,3
11148,3
11149,-1
11150,-1
11151,0
11152,2
11153,1
11154,-1
11155,1
11156,2
11157,0
11158,0
11159,1
11160,-1
11161,-1
11162,0
11163,1
11164,-1
11165,2
11166,2
11167,0
11168,3
11169,0
11170,0
11171,3
11172,3
11173,2
11174,2
11175,-1
11176,3
11177,-1
11178,4
11179,2
11180,1
11181,0
11182,4
11183,2
11184,0
11185,4
11186,-1
11187,0
11188,-1
11189,4
11190,-1
11191,1
11192,4
11193,0
11194,3
11195,2
11196,4
11197,1
11198,3
11199,0
11200,3
11201,2
11202,0
11203,3
11204,2
11205,4
11206,2
11207,-1
11208,1
11209,0
11210,0
11211,-1
11212,-1
11213,3
11214,4
11215,-1
11216,2
11217,0
11218,2
11219,2
11220,3
11221,4
11222,0
11223,4
11224,1
11225,3
11226,3
11227,-1
11228,0
11229,-1
11230,2
11231,0
11232,1
11233,-1
11234,1
11235,4
11236,-1
11237,-1
11238,-1
11239,1
11240,0
11241,0
11242,1
11243,3
11244,1
11245,1
11246,-1
11247,2
11248,-1
11249,-1
11250,2
11251,0
11252,1
11253,4
11254,-1
11255,2
11256,4
11257,1
11258,3
11259,2
11260,2
11261,1
11262,1
11263,0
11264,2
11265,0
11266,-1
11267,1
11268,1
11269,-1
11270,1
11271,-1
11272,2
11273,1
11274,4
11275,3
11276,0
11277,0
11278,-1
11279,4
11280,4
11281,-1
11282,2
11283,1
11284,2
11285,4
11286,2
11287,2
11288,0
11289,2
11290,3
11291,3
11292,0
11293,1
11294,3
11295,0
11296,2
11297,3
11298,1
11299,-1
11300,-1
11301,4
11302,1
11303,2
11304,-1
11305,4
11306,1
11307,-1
11308,4
11309,1
11310,4
11311,2
11312,1
11313,2
11314,4
11315,3
11316,2
11317,2
11318,-1
11319,1
11320,0
11321,1
11322,2
11323,3
11324,1
11325,2
11326,0
11327,4
11328,2
11329,2
11330,2
11331,2
11332,0
11333,3
11334,0
11335,-1
11336,-1
11337,-1
11338,0
11339,2
11340,3
11341,2
11342,-1
11343,3
11344,2
11345,1
11346,0
11347,-1
11348,4
11349,3
11350,1
11351,3
11352,0
11353,0
11354,0
11355,3
11356,4
11357,-1
11358,2
11359,1
11360,3
11361,-1
11362,3
11363,-1
11364,2
11365,-1
11366,2
11367,4
11368,1
11369,0
11370,4
11371,-1
11372,3
11373,4
11374,1
11375,2
11376,-1
11377,0
11378,4
11379,1
11380,3
11381,4
11382,2
11383,3
11384,4
11385,2
11386,1
11387,4
11388,0
11389,0
11390,1
11391,2
11392,2
11393,2
11394,1
11395,2
11396,-1
11397,1
11398,3
11399,2
11400,2
11401,0
11402,0
11403,3
11404,0
11405,0
11406,1
11407,3
11408,-1
11409,3
11410,-1
11411,3
11412,-1
11413,0
11414,3
11415,1
11416,1
11417,-1
11418,2
11419,0
11420,2
11421,1
11422,-1
11423,0
11424,4
11425,0
11426,3
11427,4
11428,4
11429,3
11430,3
11431,-1
11432,-1
11433,2
11434,1
11435,2
11436,2
11437,2
11438,4
11439,0
11440,2
11441,3
11442,0
11443,0
11444,4
11445,0
11446,4
11447,2
11448,2
11449,4
11450,-1
11451,-1
11452,3
11453,-1
11454,0
11455,0
11456,2
11457,1
11458,4
11459,4
11460,-1
11461,3
11462,0
11463,0
11464,1
11465,1
11466,-1
11467,2
11468,3
11469,0
11470,-1
11471,4
11472,4
11473,0
11474,0
11475,3
11476,-1
11477,0
11478,0
11479,-1
11480,-1
11481,1
11482,3
11483,-1
11484,3
11485,0
11486,4
11487,2
11488,4
11489,-1
11490,-1
11491,-1
11492,4
11493,-1
11494,2
11495,4
11496,0
11497,0
11498,2
11499,-1
11500,2
11501,3
11502,0
11503,-1
11504,1
11505,0
11506,4
11507,-1
11508,2
11509,3
11510,3
11511,1
11512,1
11513,-1
11514,-1
11515,-1
11516,3
11517,3
11518,3
11519,2
11520,0
11521,-1
11522,2
11523,1
11524,1
11525,1
11526,-1
11527,0
11528,3
11529,1
11530,2
11531,4
11532,0
11533,-1
11534,0
11535,4
11536,3
11537,1
11538,4
11539,-1
11540,2
11541,0
11542,1
11543,0
11544,0
11545,2
11546,2
11547,2
11548,-1
11549,-1
11550,2
11551,2
11552,2
11553,-1
11554,2
11555,2
11556,3
11557,2
11558,1
11559,4
11560,2
11561,0
11562,0
11563,1
11564,3
11565,2
11566,-1
11567,2
11568,2
11569,1
11570,1
11571,0
11572,2
11573,-1
11574,-1
11575,0
11576,1
11577,1
11578,1
11579,2
11580,-1
11581,-1
11582,1
11583,3
11584,2
11585,-1
11586,0
11587,1
11588,0
11589,-1
11590,0
11591,0
11592,3
11593,1
11594,0
11595,1
11596,3
11597,-1
11598,1
11599,2
11600,3
11601,0
11602,1
11603,2
11604,3
11605,1
11606,0
11607,0
11608,4
11609,0
11610,1
11611,2
11612,4
11613,0
11614,1
11615,0
11616,1
11617,1
11618,3
11619,-1
11620,1
11621,1
11622,4
11623,3
11624,0
11625,4
11626,0
11627,2
11628,2
11629,3
11630,2
11631,-1
11632,-1
11633,1
11634,2
11635,2
11636,1
11637,0
11638,2
11639,-1
11640,4
11641,0
11642,0
11643,-1
11644,0
11645,2
11646,0
11647,1
11648,-1
11649,0
11650,0
11651,2
11652,0
11653,2
11654,4
11655,-1
11656,4
11657,3
11658,-1
11659,0
11660,-1
11661,2
11662,-1
11663,4
11664,-1
11665,2
11666,2
11667,3
11668,2
11669,2
11670,1
11671,2
11672,3
11673,1
11674,1
11675,2
11676,3
11677,1
11678,-1
11679,4
11680,1
11681,1
11682,0
11683,0
11684,1
11685,1
11686,3
11687,-1
11688,-1
11689,1
11690,4
11691,1
11692,1
11693,-1
11694,1
11695,1
11696,-1
11697,2
11698,1
11699,-1
11700,0
11701,1
11702,1
11703,2
11704,0
11705,3
11706,-1
11707,2
11708,4
11709,3
11710,0
11711,3
11712,2
11713,-1
11714,1
11715,0
11716,4
11717,4
11718,1
11719,3
11720,4
11721,-1
11722,0
11723,1
11724,-1
11725,0
11726,1
11727,-1
11728,2
11729,1
11730,0
11731,4
11732,0
11733,1
11734,2
11735,2
11736,-1
11737,1
11738,0
11739,3
11740,-1
11741,-1
11742,0
11743,1
11744,2
11745,2
11746,3
11747,2
11748,3
11749,1
11750,3
11751,0
11752,2
11753,0
11754,0
11755,-1
11756,0
11757,2
11758,3
11759,1
11760,4
11761,1
11762,4
11763,3
11764,4
11765,2
11766,4
11767,0
11768,4
11769,2
11770,2
11771,4
11772,-1
11773,-1
11774,0
11775,-1
11776,-1
11777,0
11778,-1
11779,-1
11780,-1
11781,4
11782,3
11783,0
11784,4
11785,4
11786,3
11787,0
11788,-1
11789,3
11790,-1
11791,2
11792,4
11793,2
11794,-1
11795,0
11796,0
11797,0
11798,3
11799,3
11800,-1
11801,4
11802,4
11803,0
11804,2
11805,0
11806,0
11807,-1
11808,2
11809,3
11810,0
11811,3
11812,0
11813,0
11814,0
11815,1
11816,3
11817,3
11818,0
11819,-1
11820,1
11821,0
11822,2
11823,4
11824,3
11825,-1
11826,0
11827,1
11828,3
11829,-1
11830,-1
11831,-1
11832,2
11833,-1
11834,1
11835,2
11836,2
11837,0
11838,0
11839,-1
11840,-1
11841,3
11842,2
11843,2
11844,1
11845,0
11846,3
11847,-1
11848,1
11849,4
11850,-1
11851,1
11852,0
11853,1
11854,0
11855,3
11856,-1
11857,0
11858,1
11859,4
11860,1
11861,4
11862,2
11863,2
11864,-1
11865,0
11866,0
11867,1
11868,0
11869,2
11870,0
11871,1
11872,2
11873,3
11874,3
11875,3
11876,1
11877,0
11878,3
11879,-1
11880,1
11881,3
11882,-1
11883,1
11884,2
11885,0
11886,3
11887,1
11888,2
11889,3
11890,1
11891,1
11892,0
11893,3
11894,3
11895,-1
11896,2
11897,0
11898,2
11899,3
11900,0
11901,-1
11902,1
11903,-1
11904,2
11905,0
11906,2
11907,1
11908,-1
11909,-1
11910,4
11911,0
11912,2
11913,4
11914,0
11915,0
11916,2
11917,4
11918,2
11919,0
11920,4
11921,1
11922,-1
11923,3
11924,3
11925,0
11926,4
11927,1
11928,2
11929,3
11930,-1
11931,2
11932,4
11933,0
11934,3
11935,-1
11936,1
11937,0
11938,0
11939,3
11940,-1
11941,3
11942,-1
11943,-1
11944,0
11945,0
11946,-1
11947,-1
11948,1
11949,-1
11950,3
11951,-1
11952,4
11953,3
11954,0
11955,0
11956,3
11957,3
11958,0
11959,0
11960,2
11961,1
11962,2
11963,4
11964,3
11965,2
11966,1
11967,0
11968,0
11969,1
11970,2
11971,2
11972,2
11973,2
11974,-1
11975,3
11976,-1
11977,1
11978,1
11979,0
11980,-1
11981,-1
11982,0
11983,0
11984,0
11985,2
11986,3
11987,0
11988,2
11989,0
11990,4
11991,4
11992,-1
11993,2
11994,-1
11995,4
11996,2
11997,-1
11998,-1
11999,1
